year_week,week_start_date,academic_period,symptoms_combined,courses_list,avg_age,genders_list,week_start,week_end,visit_count,respiratory_count,digestive_count,pain_count,fever_count,other_count,student_visits,staff_visits,other_visits,temperature_2m_mean,temperature_2m_max,temperature_2m_min,relative_humidity_2m_mean,precipitation_sum,wind_speed_10m_mean,sunshine_duration,pm2_5_mean,pm10_mean,ozone_mean,carbon_monoxide_mean,nitrogen_dioxide_mean,respiratory_risk_score,aqi_category,temperature_range,heat_humidity_index,is_rainy_week,is_hot_week,is_humid_week,is_high_pollution,is_very_high_pollution,weather_stress_score
2022-W38,2022-09-19,prelim,"headache,nosebleed,hyperacidity","['bshm', 'beed', 'bse']",19.333333333333332,"['Male', 'Female', 'Female']",2022-09-20,2022-09-21,3.0,0.0,1.0,1.0,0.0,1.0,3.0,0.0,0.0,25.79,31.96,22.31,86.31,126.7,5.56,204491.65,9.38,14.11,53.66,196.12,1.81,0.0,good,9.650000000000002,22.259349,True,False,True,False,False,2
2022-W39,2022-09-26,prelim,"stomach ache,earache,hyperacidity,stomach ache,asthma,cough,lbm","['bsit', 'bscrim', 'bscrim', 'bslm', 'bscrim', 'bse']",18.833333333333332,"['Female', 'Female', 'Female', 'Female', 'Female', 'Female']",2022-09-27,2022-09-29,6.0,2.0,3.0,0.0,0.0,2.0,6.0,0.0,0.0,25.67,31.61,22.31,89.37,109.9,4.74,207517.1,6.18,9.02,40.24,129.01,1.93,0.0,good,9.3,22.941279,True,False,True,False,False,2
2022-W40,2022-10-03,prelim,"asthma,cough,headache","['bslm', 'bat', 'beed']",18.0,"['Male', 'Male', 'Female']",2022-10-03,2022-10-06,3.0,2.0,0.0,1.0,0.0,0.0,3.0,0.0,0.0,25.71,31.11,22.46,88.84,78.7,4.65,209249.06,5.94,8.79,34.64,111.54,2.17,0.0,good,8.649999999999999,22.840764000000004,True,False,True,False,False,2
2022-W41,2022-10-10,prelim,"stomach ache,dizziness,dysmenorrhea,malaise,cold,fever,hyperacidity,hyperacidity,stomach ache,dizziness,headache,cough,itchy throat,punctured wound,asthma","['beed', 'bsentrep', 'bsentrep', 'bsitelectech', 'bsba', 'bscs', 'bslm', 'bscrim', 'bse', 'bstm', 'bat', 'bsitelectech']",19.5,"['Female', 'Female', 'Female', 'Male', 'Male', 'Male', 'Male', 'Female', 'Female', 'Female', 'Male', 'Male']",2022-10-10,2022-10-13,12.0,4.0,2.0,2.0,2.0,5.0,12.0,0.0,0.0,25.29,31.61,22.31,87.48,180.5,9.49,132011.89,6.29,9.39,39.85,124.51,2.03,0.0,good,9.3,22.123692,True,False,True,False,False,2
2022-W42,2022-10-17,prelim,"cough,dizziness,fever,dysmenorrhea,headache,pimple,dysmenorrhea,dysmenorrhea,cough,body pain,cold,fever,stomach ache,stomach ache,uti,asthma,dizziness,dysmenorrhea,dizziness,stomach ache,lbm,hyperacidity,dizziness,lbm","['beed', 'bscrim', 'bapos', 'bse', 'bscrim', 'bse', 'beed', 'bsba', 'bsba', 'bsba', 'bat', 'bsit', 'bstm', 'bsba', 'bshm', 'bsit', 'bse', 'bsentrep', 'bat', 'bat', 'bslm']",18.761904761904763,"['Female', 'Female', 'Female', 'Female', 'Female', 'Male', 'Female', 'Female', 'Female', 'Female', 'Male', 'Male', 'Female', 'Male', 'Female', 'Female', 'Female', 'Female', 'Female', 'Female', 'Male']",2022-10-17,2022-10-22,21.0,3.0,3.0,3.0,1.0,14.0,21.0,0.0,0.0,25.5,32.61,22.36,89.56,158.9,4.9,164917.32,7.98,11.73,46.71,161.94,2.5,0.0,good,10.25,22.8378,True,True,True,False,False,3
2022-W43,2022-10-24,prelim,"cold,cough,vomiting,dysmenorrhea,lbm,headache,dizziness,cough,dizziness,headache,headache,dysmenorrhea,dizziness,dizziness,hyperventilation,shortness of breath,fever,fever,headache,dysmenorrhea,pimple,dizziness,epigastric pain,dizziness,dysmenorrhea,lbm","['bstm', 'staff', 'staff', 'staff', 'bsit', 'bslm', 'bat', 'bscrim', 'bsais', 'bsentrep', 'bse', 'bse', 'bse', 'baels', 'staff', 'bsentrep', 'beed', 'beed', 'bscrim', 'bsentrep', 'bslm']",21.22222222222222,"['Male', 'Female', 'Female', 'Female', 'Female', 'Female', 'Female', 'Female', 'Female', 'Female', 'Female', 'Female', 'Male', 'Female', 'Male', 'Female', 'Female', 'Male', 'Female', 'Female', 'Male']",2022-10-24,2022-10-27,21.0,2.0,3.0,2.0,1.0,18.0,17.0,4.0,0.0,24.99,29.76,22.61,88.47,217.8,11.0,128795.64,8.17,13.09,43.49,128.87,1.63,0.0,good,7.150000000000002,22.108653,True,False,True,False,False,2
2022-W44,2022-10-31,prelim,,[],20.0,[],2022-10-31,2022-10-31,0.0,0.0,0.0,0.0,0.0,0.0,0.0,0.0,0.0,26.11,31.76,22.01,85.44,70.8,6.49,244552.51,8.88,13.66,53.27,194.72,2.2,0.0,good,9.75,22.308383999999997,True,False,True,False,False,2
2022-W45,2022-11-07,midterm,"uti,malaise,abrasion,cold,abrasion,clammy skin,hyperventilation,cold,dizziness,menstrual cramps,stiff neck,cold,cough,cold,cough,dysmenorrhea,headache,dysmenorrhea,chest pain,lbm,fever,hyperventilation,lbm,cold,allergy,cold,migraine,headache,headache,runny nose,runny nose,headache,headache,cold,allergy,allergy,cold,cough,dizziness,cold,cold,stomach ache,headache,stitches,abrasion,cold,lbm,dizziness,dizziness","['bsit', 'bse', 'bsentrep', 'bsit', 'bscs', 'bsma', 'bscrim', 'bsit', 'bstm', 'bscrim', 'bstm', 'bstm', 'baels', 'bapos', 'staff', 'bshm', 'bsais', 'bscs', 'bse', 'staff', 'staff', 'bsentrep', 'bsentrep', 'bslm', 'bse', 'bse', 'beed', 'staff', 'staff', 'bslm', 'bshm', 'bscrim', 'baels', 'staff', 'bsma', 'bscrim', 'bscrim', 'bstm', 'bat', 'bshm', 'bscs', 'bscs', 'bslm', 'bsitautotech', 'bse']",20.4,"['Female', 'Male', 'Female', 'Male', 'Male', 'Female', 'Male', 'Female', 'Female', 'Female', 'Female', 'Female', 'Male', 'Female', 'Male', 'Female', 'Female', 'Female', 'Female', 'Male', 'Male', 'Female', 'Male', 'Female', 'Female', 'Female', 'Female', 'Female', 'Female', 'Male', 'Female', 'Female', 'Female', 'Female', 'Female', 'Female', 'Female', 'Female', 'Female', 'Male', 'Male', 'Female', 'Female', 'Male', 'Female']",2022-11-07,2022-11-12,45.0,3.0,2.0,4.0,2.0,38.0,39.0,6.0,0.0,25.41,31.26,22.21,89.52,49.1,4.49,213215.84,8.45,12.53,34.5,127.72,2.41,0.0,good,9.05,22.747032,True,False,True,False,False,2
2022-W46,2022-11-14,midterm,"headache,cold,fever,cough,cough,allergy,fever,vomiting,cold,dysmenorrhea,asthma,stomach ache,asthma,cold,cough,hyperventilation,itchy throat,epigastric pain,hyperacidity,lbm,infection,fever,dysmenorrhea,allergy","['bapos', 'bscrim', 'bsba', 'bsit', 'beed', 'bapos', 'bslm', 'bslm', 'beed', 'bsba', 'bsba', 'bslm', 'bsba', 'bslm', 'bapos', 'bapos', 'bsit', 'bscrim', 'bapos', 'bshm']",19.210526315789473,"['Female', 'Female', 'Female', 'Male', 'Female', 'Male', 'Female', 'Male', 'Female', 'Female', 'Male', 'Female', 'Female', 'Male', 'Male', 'Female', 'Female', 'Female', 'Female', 'Male']",2022-11-14,2022-11-17,20.0,4.0,5.0,2.0,2.0,11.0,20.0,0.0,0.0,25.29,30.91,22.21,88.06,45.5,5.71,193957.32,8.9,13.63,37.3,122.47,2.6,0.0,good,8.7,22.270374,True,False,True,False,False,2
2022-W47,2022-11-21,midterm,"cold,dizziness,fever,skin allergy,malaise,cold,cough,fever,cold,fever,cold,cough,cold,fever,cold,cough,menstrual cramps,hyperacidity,headache,headache,asthma,dizziness,dysmenorrhea,infection,fever,lbm,epigastric pain,headache,epigastric pain,dysmenorrhea","['bscs', 'bse', 'beed', 'bsentrep', 'bshm', 'baels', 'bstm', 'bsba', 'bsma', 'beed', 'bsma', 'bstm', 'bsit', 'bslm', 'bse', 'bsais', 'bsba', 'bsba', 'bsba', 'bsba', 'bsma', 'bsit', 'bscrim']",18.9,"['Male', 'Female', 'Male', 'Female', 'Female', 'Male', 'Female', 'Male', 'Female', 'Female', 'Female', 'Female', 'Male', 'Male', 'Female', 'Female', 'Female', 'Male', 'Female', 'Female', 'Male', 'Male', 'Female']",2022-11-21,2022-11-24,23.0,3.0,3.0,3.0,3.0,18.0,23.0,0.0,0.0,25.81,31.66,20.41,83.97,19.0,4.62,216489.36,8.9,13.14,31.47,130.84,3.48,0.0,good,11.25,21.672656999999997,True,False,True,False,False,2
2022-W48,2022-11-28,midterm,"dizziness,muscle strain,dry mouth,cramps,headache,dysmenorrhea,cramps,stomach ache,cut,dizziness,headache,hematoma","['bslm', 'bsba', 'bsba', 'bscrim', 'bse', 'bscrim', 'beed', 'bstm', 'bat', 'bslm', 'beed']",19.181818181818183,"['Female', 'Female', ' Female', 'Female', 'Female', 'Female', 'Female', 'Male', 'Female', 'Male', 'Female']",2022-11-28,2022-12-03,11.0,0.0,1.0,4.0,0.0,7.0,11.0,0.0,0.0,25.89,31.41,21.06,84.17,32.0,6.36,236508.15,8.75,13.16,35.79,135.12,2.84,0.0,good,10.350000000000001,21.791613,True,False,True,False,False,2
2022-W49,2022-12-05,midterm,"fever,dysmenorrhea,cold,cough,infection,headache","['baels', 'bscrim', 'bslm', 'bsit', 'bscs']",20.4,"['Female', 'Female', 'Male', 'Female', 'Female']",2022-12-06,2022-12-07,5.0,2.0,0.0,2.0,2.0,0.0,5.0,0.0,0.0,24.83,29.01,22.11,86.11,72.4,8.57,161933.51,6.17,9.5,49.67,126.14,1.68,0.0,good,6.900000000000002,21.381113,True,False,True,False,False,2
2022-W50,2022-12-12,midterm,"cold,cold,diarrhea","['bsit', 'baels']",18.666666666666668,"['Male', 'Male', 'Male']",2022-12-14,2022-12-14,3.0,1.0,1.0,0.0,0.0,1.0,2.0,0.0,0.0,24.1,28.66,21.41,89.28,58.4,8.49,116397.48,5.56,8.42,42.84,119.47,1.66,0.0,good,7.25,21.51648,True,False,True,False,False,2
2022-W51,2022-12-19,midterm,,[],20.0,[],2022-12-19,2022-12-19,0.0,0.0,0.0,0.0,0.0,0.0,0.0,0.0,0.0,21.92,26.86,18.96,80.92,46.7,13.95,70352.22,8.58,14.4,64.83,189.8,1.32,0.0,good,7.899999999999999,17.737664000000002,True,False,True,False,False,2
2022-W52,2022-12-26,midterm,,[],20.0,[],2022-12-26,2022-12-26,0.0,0.0,0.0,0.0,0.0,0.0,0.0,0.0,0.0,22.11,26.66,18.21,87.28,74.1,10.15,128722.53,9.1,15.29,59.5,160.99,1.57,0.0,good,8.45,19.297608,True,False,True,False,False,2
2023-W01,2023-01-02,midterm,"fever,asthma,cold,fever,cold,cough,body pain,hyperacidity,cold,cough,cold,body pain,cold","['bse', 'bapos', 'bsma', 'bslm', 'bslm', 'bsba', 'others', 'baels', 'bscs']",20.11111111111111,"['Female', 'Female', 'Female', 'Male', 'Female', 'Female', 'Female', 'Male', 'Male', 'Male']",2023-01-03,2023-01-04,10.0,3.0,1.0,1.0,1.0,7.0,8.0,0.0,1.0,23.2,28.61,19.91,88.21,122.7,9.37,143133.72,6.66,10.29,54.31,150.3,1.59,0.0,good,8.7,20.464719999999996,True,False,True,False,False,2
2023-W02,2023-01-09,midterm,dizziness,['bscrim'],19.0,['Female'],2023-01-14,2023-01-14,1.0,0.0,0.0,0.0,0.0,1.0,1.0,0.0,0.0,23.77,29.71,19.61,82.25,26.6,6.25,223276.87,14.23,23.53,56.92,182.74,2.8,0.0,good,10.100000000000001,19.550825,True,False,True,False,False,2
2023-W03,2023-01-16,midterm,"malaise,cold,lbm,malaise,cough,stomach ache,sprain,infection,cold","['bsit', 'bapos', 'bslm', 'bscrim', 'bsit', 'bse', 'bse', 'baels', 'bsentrep']",21.5,"['Female', 'Female', 'Male', 'Male', 'Female', 'Female', 'Female', 'Female', 'Male']",2023-01-16,2023-01-17,9.0,2.0,2.0,0.0,2.0,3.0,9.0,0.0,0.0,23.23,28.36,20.21,86.45,38.0,8.02,102335.13,10.0,16.08,52.38,199.5,1.77,0.0,good,8.149999999999999,20.082335,True,False,True,False,False,2
2023-W04,2023-01-23,midterm,,[],20.0,[],2023-01-23,2023-01-23,0.0,0.0,0.0,0.0,0.0,0.0,0.0,0.0,0.0,21.99,29.26,18.46,81.66,18.7,11.37,114237.21,9.72,15.29,59.42,218.74,2.08,0.0,good,10.8,17.957034,True,False,True,False,False,2
2023-W05,2023-01-30,midterm,fever,['bscrim'],21.0,['Female'],2023-01-30,2023-01-30,1.0,0.0,0.0,0.0,1.0,0.0,1.0,0.0,0.0,23.17,29.36,17.46,81.55,7.3,7.73,215168.62,10.9,17.4,52.95,170.87,1.97,0.0,good,11.899999999999999,18.895135,False,False,True,False,False,1
2023-W06,2023-02-06,finals,,[],20.0,[],2023-02-06,2023-02-06,0.0,0.0,0.0,0.0,0.0,0.0,0.0,0.0,0.0,24.36,30.31,18.21,81.9,11.9,5.7,256977.55,12.1,18.63,41.52,144.09,2.59,0.0,good,12.099999999999998,19.95084,True,False,True,False,False,2
2023-W07,2023-02-13,finals,,[],20.0,[],2023-02-13,2023-02-13,0.0,0.0,0.0,0.0,0.0,0.0,0.0,0.0,0.0,22.91,29.56,18.46,81.78,37.8,8.26,190061.62,9.86,15.4,53.95,186.49,1.92,0.0,good,11.099999999999998,18.735798,True,False,True,False,False,2
2023-W08,2023-02-20,finals,,[],20.0,[],2023-02-20,2023-02-20,0.0,0.0,0.0,0.0,0.0,0.0,0.0,0.0,0.0,23.6,29.56,20.91,83.01,20.6,15.48,162077.12,5.52,8.39,56.58,160.97,1.21,0.0,good,8.649999999999999,19.590360000000004,True,False,True,False,False,2
2023-W09,2023-02-27,finals,,[],20.0,[],2023-02-27,2023-02-27,0.0,0.0,0.0,0.0,0.0,0.0,0.0,0.0,0.0,22.27,27.81,18.31,81.19,20.0,8.24,216632.33,10.93,17.75,64.58,183.4,1.74,0.0,good,9.5,18.081013,True,False,True,False,False,2
2023-W10,2023-03-06,finals,,[],20.0,[],2023-03-06,2023-03-06,0.0,0.0,0.0,0.0,0.0,0.0,0.0,0.0,0.0,22.76,28.81,17.46,76.98,12.2,7.1,244896.98,10.72,17.59,68.01,165.24,1.59,0.0,good,11.349999999999998,17.520648,True,False,False,False,False,1
2023-W11,2023-03-13,finals,"cold,dizziness,lbm,headache,cough,cough","['bsit', 'others', 'bapos', 'bsma', 'staff']",20.5,"['Male', 'Female', 'Female', 'Male', 'Female', 'Male']",2023-03-16,2023-03-16,6.0,2.0,1.0,1.0,0.0,2.0,3.0,1.0,1.0,24.35,30.76,18.36,76.4,10.9,8.0,245008.36,10.61,16.74,57.14,140.43,1.99,0.0,good,12.400000000000002,18.6034,True,False,False,False,False,1
2023-W12,2023-03-20,finals,,[],20.0,[],2023-03-20,2023-03-20,0.0,0.0,0.0,0.0,0.0,0.0,0.0,0.0,0.0,26.51,33.16,19.36,74.86,2.1,5.52,284213.1,11.02,16.55,43.24,161.73,2.36,0.0,good,13.799999999999997,19.845386,False,True,False,False,False,1
2023-W13,2023-03-27,finals,"cough,sprain,sprain,body pain,body pain,sprain,body pain,allergy,headache,hematoma,allergy,allergy,sprain,sprain,sprain,headache,cough,skin allergy,body pain,headache,lbm,lbm,lbm,lbm,headache,lbm,lbm,body pain",[],22.428571428571427,"['Male', 'Female', 'Female', 'Male', 'Male', 'Female', 'Male', 'Female', 'Female', 'Female', 'Female', 'Female', 'Female', 'Male', 'Male', 'Female', 'Female', 'Female', 'Female', 'Male', 'Male', 'Female', 'Male', 'Female', 'Male', 'Female', 'Male', 'Male']",2023-03-27,2023-03-30,28.0,1.0,1.0,2.0,0.0,24.0,0.0,0.0,0.0,26.71,33.61,22.11,77.81,28.7,5.0,284535.84,13.46,20.05,45.13,162.3,2.1,0.0,good,11.5,20.783051,True,True,False,False,False,2
2023-W14,2023-04-03,finals,,[],20.0,[],2023-04-03,2023-04-03,0.0,0.0,0.0,0.0,0.0,0.0,0.0,0.0,0.0,26.33,32.76,21.51,72.05,10.2,8.08,279972.73,15.6,24.28,67.12,178.39,1.74,0.0,moderate,11.249999999999996,18.970764999999997,True,True,False,False,False,2
2023-W15,2023-04-10,finals,headache,['others'],21.0,['Female'],2023-04-12,2023-04-12,1.0,0.0,0.0,1.0,0.0,0.0,0.0,0.0,1.0,26.32,32.61,22.06,80.91,66.4,6.38,220230.29,13.83,21.2,62.11,212.28,2.14,0.0,good,10.55,21.295512,True,True,True,False,False,3
2023-W16,2023-04-17,finals,body pain,['bat'],20.0,['Female'],2023-04-17,2023-04-17,1.0,0.0,0.0,1.0,0.0,0.0,1.0,0.0,0.0,27.19,34.26,22.71,81.34,34.1,5.17,271952.11,16.24,23.53,55.36,211.16,2.74,0.0,moderate,11.549999999999997,22.116346,True,True,True,False,False,3
2023-W17,2023-04-24,finals,"stomach ache,headache,nosebleed,cold,cold,wound,wound","['bscrim', 'bscrim', 'bsba', 'bat', 'bapos', 'bat']",19.666666666666668,"['Male', 'Female', 'Female', 'Male', 'Female', 'Female', 'Male']",2023-04-24,2023-04-27,7.0,1.0,1.0,1.0,0.0,4.0,6.0,0.0,0.0,27.61,34.26,23.01,73.91,22.5,7.17,280119.28,13.39,20.31,59.58,230.01,1.95,0.14,good,11.249999999999996,20.406551,True,True,False,False,False,2
2023-W18,2023-05-01,break,"cough,body pain,body pain,hyperacidity,cramps,dysmenorrhea","['bat', 'bapos', 'bapos', 'bsma', 'bsentrep']",21.4,"['Male', 'Female', 'Female', 'Female', 'Female']",2023-05-02,2023-05-03,5.0,1.0,1.0,3.0,0.0,1.0,5.0,0.0,0.0,29.05,36.21,23.16,68.1,3.1,7.11,297008.55,9.6,14.51,35.61,154.09,3.44,0.0,good,13.05,19.78305,False,True,False,False,False,1
2023-W19,2023-05-08,break,,[],20.0,[],2023-05-08,2023-05-08,0.0,0.0,0.0,0.0,0.0,0.0,0.0,0.0,0.0,27.37,35.81,23.31,82.06,73.7,4.7,232147.67,9.17,13.72,56.26,173.83,2.04,0.0,good,12.500000000000004,22.459822,True,True,True,False,False,3
2023-W20,2023-05-15,break,,[],20.0,[],2023-05-15,2023-05-15,0.0,0.0,0.0,0.0,0.0,0.0,0.0,0.0,0.0,27.96,34.76,23.56,82.52,44.8,4.51,262770.47,13.7,19.88,56.76,218.68,3.11,0.0,good,11.2,23.072592,True,True,True,False,False,3
2023-W21,2023-05-22,break,,[],20.0,[],2023-05-22,2023-05-22,0.0,0.0,0.0,0.0,0.0,0.0,0.0,0.0,0.0,27.7,34.31,23.36,79.92,51.7,6.86,290551.35,15.47,22.68,57.05,195.46,2.76,0.0,moderate,10.950000000000003,22.13784,True,True,False,False,False,2
2023-W22,2023-05-29,break,,[],20.0,[],2023-05-29,2023-05-29,0.0,0.0,0.0,0.0,0.0,0.0,0.0,0.0,0.0,28.83,37.21,23.51,74.23,53.6,6.27,250805.86,8.71,13.15,50.06,162.29,2.37,0.0,good,13.7,21.400509,True,True,False,False,False,2
2023-W23,2023-06-05,break,,[],20.0,[],2023-06-05,2023-06-05,0.0,0.0,0.0,0.0,0.0,0.0,0.0,0.0,0.0,27.33,34.31,22.71,84.51,75.9,4.72,270030.17,8.73,12.82,43.01,134.53,2.65,0.0,good,11.600000000000001,23.096583,True,True,True,False,False,3
2023-W24,2023-06-12,break,,[],20.0,[],2023-06-12,2023-06-12,0.0,0.0,0.0,0.0,0.0,0.0,0.0,0.0,0.0,28.8,35.46,23.61,77.33,27.8,6.6,267676.82,9.1,13.49,42.31,146.12,3.03,0.0,good,11.850000000000001,22.27104,True,True,False,False,False,2
2023-W25,2023-06-19,break,,[],20.0,[],2023-06-19,2023-06-19,0.0,0.0,0.0,0.0,0.0,0.0,0.0,0.0,0.0,28.49,35.76,23.66,76.34,47.7,5.02,293990.38,9.17,13.52,31.6,115.43,2.93,0.0,good,12.099999999999998,21.749266000000002,True,True,False,False,False,2
2023-W26,2023-06-26,break,,[],20.0,[],2023-06-26,2023-06-26,0.0,0.0,0.0,0.0,0.0,0.0,0.0,0.0,0.0,26.84,33.96,23.56,88.29,101.5,4.29,185067.46,7.58,11.15,35.22,142.93,3.15,0.0,good,10.400000000000002,23.697036,True,True,True,False,False,3
2023-W27,2023-07-03,break,,[],20.0,[],2023-07-03,2023-07-03,0.0,0.0,0.0,0.0,0.0,0.0,0.0,0.0,0.0,28.44,35.46,22.86,78.26,16.1,5.11,282492.31,9.34,13.79,33.94,177.56,4.18,0.0,good,12.600000000000001,22.257144000000004,True,True,False,False,False,2
2023-W28,2023-07-10,break,,[],20.0,[],2023-07-10,2023-07-10,0.0,0.0,0.0,0.0,0.0,0.0,0.0,0.0,0.0,27.45,33.56,23.71,82.43,142.4,7.6,182532.33,6.85,10.18,37.44,161.25,3.3,0.0,good,9.850000000000001,22.627035,True,True,True,False,False,3
2023-W29,2023-07-17,break,,[],20.0,[],2023-07-17,2023-07-17,0.0,0.0,0.0,0.0,0.0,0.0,0.0,0.0,0.0,27.51,33.51,22.91,83.93,71.9,5.52,275763.75,9.62,14.02,42.68,177.49,3.3,0.0,good,10.599999999999998,23.089143000000004,True,True,True,False,False,3
2023-W30,2023-07-24,break,,[],20.0,[],2023-07-24,2023-07-24,0.0,0.0,0.0,0.0,0.0,0.0,0.0,0.0,0.0,27.02,33.91,22.86,83.94,151.4,13.29,144974.84,4.77,7.03,40.96,145.32,2.55,0.0,good,11.049999999999997,22.680587999999997,True,True,True,False,False,3
2023-W31,2023-07-31,break,,[],20.0,[],2023-07-31,2023-07-31,0.0,0.0,0.0,0.0,0.0,0.0,0.0,0.0,0.0,28.53,35.41,24.01,78.62,26.2,7.29,233970.13,7.58,11.34,44.78,173.04,3.01,0.0,good,11.399999999999995,22.430286000000002,True,True,False,False,False,2
2023-W32,2023-08-07,prelim,,[],20.0,[],2023-08-07,2023-08-07,0.0,0.0,0.0,0.0,0.0,0.0,0.0,0.0,0.0,28.96,34.91,23.36,77.72,20.6,4.99,298590.19,10.95,16.65,46.2,190.55,3.45,0.0,good,11.549999999999997,22.507712,True,True,False,False,False,2
2023-W33,2023-08-14,prelim,,[],20.0,[],2023-08-14,2023-08-14,0.0,0.0,0.0,0.0,0.0,0.0,0.0,0.0,0.0,27.98,34.66,23.36,83.26,46.1,4.07,298391.68,9.5,13.94,49.57,176.93,2.87,0.0,good,11.299999999999997,23.296148000000002,True,True,True,False,False,3
2023-W34,2023-08-21,prelim,,[],20.0,[],2023-08-21,2023-08-21,0.0,0.0,0.0,0.0,0.0,0.0,0.0,0.0,0.0,26.57,33.61,23.51,87.73,102.8,7.78,187957.73,10.16,14.79,46.11,179.53,3.04,0.0,good,10.099999999999998,23.309861,True,True,True,False,False,3
2023-W35,2023-08-28,prelim,,[],20.0,[],2023-08-28,2023-08-28,0.0,0.0,0.0,0.0,0.0,0.0,0.0,0.0,0.0,27.1,33.26,23.71,87.81,55.0,5.91,132080.96,6.91,10.07,38.53,183.66,3.66,0.0,good,9.549999999999997,23.79651,True,True,True,False,False,3
2023-W36,2023-09-04,prelim,,[],20.0,[],2023-09-04,2023-09-04,0.0,0.0,0.0,0.0,0.0,0.0,0.0,0.0,0.0,26.96,33.01,22.76,88.8,112.4,3.69,233781.42,9.26,13.53,45.55,201.77,3.19,0.0,good,10.249999999999996,23.94048,True,True,True,False,False,3
2023-W37,2023-09-11,prelim,,[],20.0,[],2023-09-11,2023-09-11,0.0,0.0,0.0,0.0,0.0,0.0,0.0,0.0,0.0,26.59,32.61,22.96,87.77,73.4,4.13,234642.16,10.79,15.8,45.02,196.94,3.24,0.0,good,9.649999999999999,23.338043,True,True,True,False,False,3
2023-W38,2023-09-18,prelim,,[],20.0,[],2023-09-18,2023-09-18,0.0,0.0,0.0,0.0,0.0,0.0,0.0,0.0,0.0,26.45,33.61,22.66,89.1,104.7,4.35,227131.66,7.13,10.36,36.65,151.46,2.58,0.0,good,10.95,23.56695,True,True,True,False,False,3
2023-W39,2023-09-25,prelim,,[],20.0,[],2023-09-25,2023-09-25,0.0,0.0,0.0,0.0,0.0,0.0,0.0,0.0,0.0,26.5,32.61,23.06,88.63,76.2,4.47,226067.75,7.43,11.05,39.38,163.89,3.03,0.0,good,9.55,23.48695,True,True,True,False,False,3
2023-W40,2023-10-02,prelim,,[],20.0,[],2023-10-02,2023-10-02,0.0,0.0,0.0,0.0,0.0,0.0,0.0,0.0,0.0,26.98,32.96,22.96,85.45,76.4,4.86,160722.45,10.24,15.37,41.45,234.33,4.32,0.0,good,10.0,23.05441,True,True,True,False,False,3
2023-W41,2023-10-09,prelim,,[],20.0,[],2023-10-09,2023-10-09,0.0,0.0,0.0,0.0,0.0,0.0,0.0,0.0,0.0,26.98,32.51,22.86,83.82,27.9,5.9,260236.97,6.54,9.91,43.88,179.21,2.87,0.0,good,9.649999999999999,22.614635999999997,True,True,True,False,False,3
2023-W42,2023-10-16,prelim,,[],20.0,[],2023-10-16,2023-10-16,0.0,0.0,0.0,0.0,0.0,0.0,0.0,0.0,0.0,25.95,32.01,22.71,86.58,99.0,5.29,204481.58,7.44,11.63,56.14,219.97,2.77,0.0,good,9.299999999999997,22.46751,True,True,True,False,False,3
2023-W43,2023-10-23,prelim,,[],20.0,[],2023-10-23,2023-10-23,0.0,0.0,0.0,0.0,0.0,0.0,0.0,0.0,0.0,26.25,31.86,22.56,84.53,37.4,5.14,251126.71,5.81,8.8,40.17,162.41,2.63,0.0,good,9.3,22.189125,True,False,True,False,False,2
2023-W44,2023-10-30,prelim,,[],20.0,[],2023-10-30,2023-10-30,0.0,0.0,0.0,0.0,0.0,0.0,0.0,0.0,0.0,25.58,31.01,22.46,87.41,55.0,5.45,175781.76,8.2,13.25,45.73,186.86,2.92,0.0,good,8.55,22.359478,True,False,True,False,False,2
2023-W45,2023-11-06,midterm,,[],20.0,[],2023-11-06,2023-11-06,0.0,0.0,0.0,0.0,0.0,0.0,0.0,0.0,0.0,26.52,31.46,22.66,84.66,24.8,5.82,228769.71,6.83,10.57,42.69,158.04,3.02,0.0,good,8.8,22.451832,True,False,True,False,False,2
2023-W46,2023-11-13,midterm,,[],20.0,[],2023-11-13,2023-11-13,0.0,0.0,0.0,0.0,0.0,0.0,0.0,0.0,0.0,24.68,29.76,20.71,84.28,50.9,8.71,195563.41,7.53,12.27,52.66,196.45,2.28,0.0,good,9.05,20.800304,True,False,True,False,False,2
2023-W47,2023-11-20,midterm,,[],20.0,[],2023-11-20,2023-11-20,0.0,0.0,0.0,0.0,0.0,0.0,0.0,0.0,0.0,24.36,28.66,19.36,84.8,48.8,7.94,156483.55,12.15,20.25,52.42,202.57,2.39,0.0,good,9.3,20.65728,True,False,True,False,False,2
2023-W48,2023-11-27,midterm,,[],20.0,[],2023-11-27,2023-11-27,0.0,0.0,0.0,0.0,0.0,0.0,0.0,0.0,0.0,24.7,30.01,21.56,90.33,81.9,6.51,180923.2,5.27,8.04,41.02,178.0,2.69,0.0,good,8.450000000000003,22.31151,True,False,True,False,False,2
2023-W49,2023-12-04,midterm,,[],20.0,[],2023-12-04,2023-12-04,0.0,0.0,0.0,0.0,0.0,0.0,0.0,0.0,0.0,25.85,31.71,21.46,85.5,18.4,4.9,245621.98,6.76,10.05,43.38,181.51,3.09,0.0,good,10.25,22.10175,True,False,True,False,False,2
2023-W50,2023-12-11,midterm,,[],20.0,[],2023-12-11,2023-12-11,0.0,0.0,0.0,0.0,0.0,0.0,0.0,0.0,0.0,25.54,31.41,20.96,82.98,20.2,6.73,250053.64,8.72,13.15,42.7,195.83,4.31,0.0,good,10.45,21.193092,True,False,True,False,False,2
2023-W51,2023-12-18,midterm,,[],20.0,[],2023-12-18,2023-12-18,0.0,0.0,0.0,0.0,0.0,0.0,0.0,0.0,0.0,23.72,30.61,20.36,86.84,70.5,11.4,136805.8,4.46,6.92,48.86,201.22,2.52,0.0,good,10.25,20.598448,True,False,True,False,False,2
2023-W52,2023-12-25,midterm,,[],20.0,[],2023-12-25,2023-12-25,0.0,0.0,0.0,0.0,0.0,0.0,0.0,0.0,0.0,24.33,29.66,21.41,88.19,68.2,7.46,200725.3,4.67,7.1,47.39,183.6,2.71,0.0,good,8.25,21.456626999999997,True,False,True,False,False,2
2023-W53,2024-01-01,midterm,,[],20.0,[],2024-01-01,2024-01-01,0.0,0.0,0.0,0.0,0.0,0.0,0.0,0.0,0.0,23.9,26.51,22.31,93.26,15.6,7.21,23304.96,5.52,8.39,43.12,165.08,2.83,0.0,good,4.200000000000003,22.28914,True,False,True,False,False,2
2024-W01,2024-01-08,midterm,"auri,cold,cough,wound,cold,cough,headache,hyperacidity,lbm,cold,headache,headache,cold,lbm,cold,cold,skin allergy,cough,cough,cold,cold,dizziness,headache,malaise,dizziness,fever,asthma,abrasion,lbm,abrasion,auri,cold,headache,runny nose,allergy,runny nose,infection,headache,dizziness,asthma,headache,auri,cold,cough,fever,cough,cold,stomach ache,headache,auri,body pain,cold,fever,hyperacidity,vomiting,hyperacidity,stomach ache,body pain,cold,cough,fever,dysmenorrhea,hyperacidity,body pain,dysmenorrhea,cough,cough,cough,auri,auri","['others', 'staff', 'bsba', 'beed', 'bsentrep', 'staff', 'staff', 'staff', 'staff', 'staff', 'staff', 'staff', 'staff', 'bslm', 'staff', 'staff', 'bsentrep', 'bsentrep', 'others', 'bslm', 'bscrim', 'bsais', 'bshm', 'bscrim', 'bslm', 'staff', 'bse', 'staff', 'staff', 'staff', 'baels', 'bscrim', 'bslm', 'bsit', 'bsba', 'bse', 'staff', 'beed', 'bsba', 'bsitautotech', 'bsit', 'bscrim', 'bse', 'baels', 'bapos', 'beed', 'ced', 'ced', 'ced', 'bapos', 'bapos', 'staff', 'bstm', 'bstm']",25.208333333333332,"['Male', 'Male', 'Female', 'Male', 'Female', 'Female', 'Male', 'Female', 'Female', 'Female', 'Female', 'Female', 'Female', 'Male', 'Female', 'Male', 'Female', 'Male', 'Female', 'Female', 'Female', 'Male', 'Male', 'Female', 'Female', 'Female', 'Female', 'Female', 'Female', 'Female', 'Female', 'Male', 'Female', 'Male', 'Male', 'Female', 'Female', 'Female', 'Female', 'Male', 'Male', 'Female', 'Male', 'Female', 'Female', 'Female', 'Male', 'Female', 'Female', 'Male', 'Male', 'Female', 'Female', 'Female']",2024-01-08,2024-01-11,54.0,5.0,4.0,3.0,3.0,55.0,35.0,17.0,2.0,23.38,29.16,19.11,83.32,24.6,6.92,214632.18,10.43,17.34,57.38,235.08,2.56,0.0,good,10.05,19.480216,True,False,True,False,False,2
2024-W02,2024-01-15,midterm,"cough,hyperventilation,uti,cold,cough,cold,uti,headache,infection,hypertension,headache,headache,cold,cough,fever,headache,cough,cough,cough,cold,cough,dizziness,headache,headache,cold,cough,infection,cold,cold,cough,hyperventilation,punctured wound,hematoma,stomach ache,body pain,headache,migraine,dizziness,headache,auri,allergy,skin allergy,headache,headache,cold,cold,headache,cold,itchy throat,headache,infection","['bsit', 'bse', 'baels', 'bsais', 'bsit', 'staff', 'bsit', 'bscrim', 'ccsict', 'bsba', 'staff', 'staff', 'staff', 'bstm', 'bstm', 'staff', 'staff', 'ced', 'bsit', 'bstm', 'ccsict', 'bscrim', 'bsentrep', 'bscrim', 'bscrim', 'bse', 'staff', 'bsit', 'baels', 'bse', 'beed', 'bscs', 'bscrim', 'bse', 'bse', 'bse', 'beed', 'bscrim']",22.06896551724138,"['Female', 'Female', 'Female', 'Female', 'Female', 'Male', 'Male', 'Female', 'Male', 'Male', 'Male', 'Female', 'Female', 'Male', 'Female', 'Female', 'Male', 'Male', 'Female', 'Female', 'Female', 'Male', 'Female', 'Male', 'Female', 'Female', 'Female', 'Female', 'Female', 'Female', 'Female', 'Female', 'Female', 'Male', 'Female', 'Female', 'Female', 'Male']",2024-01-15,2024-01-18,38.0,4.0,1.0,2.0,2.0,42.0,31.0,7.0,0.0,23.04,29.51,17.91,82.94,12.2,6.53,249537.59,11.43,19.2,62.07,228.89,3.2,0.0,good,11.600000000000001,19.109376,True,False,True,False,False,2
2024-W03,2024-01-22,midterm,"malaise,auri,cough,auri,cough,fever,cough,cough,dizziness,dysmenorrhea,dizziness,headache,auri,auri,body pain,cut,cut,cold,cough,cold,cold,cold,cold,cold,cold,cold,cold,headache,epigastric pain,stomach ache,dysmenorrhea,uti,uti,uti","['bscrim', 'bscrim', 'bscrim', 'bscrim', 'bscrim', 'staff', 'beed', 'bsba', 'bslm', 'bse', 'bsit', 'bsentrep', 'bsba', 'staff', 'staff', 'staff', 'others', 'staff', 'staff', 'staff', 'staff', 'bsentrep', 'bsentrep', 'bscrim', 'bsba', 'bsba', 'bsba']",19.88235294117647,"['Female', 'Female', 'Female', 'Female', 'Female', 'Male', 'Female', 'Male', 'Male', 'Female', 'Male', 'Female', 'Female', 'Female', 'Female', 'Female', 'Male', 'Female', 'Male', 'Female', 'Female', 'Female', 'Female', 'Female', 'Female', 'Female', 'Female', 'Female']",2024-01-22,2024-01-25,28.0,3.0,2.0,3.0,2.0,24.0,18.0,8.0,1.0,22.23,28.81,16.96,80.71,13.5,9.08,209061.33,8.95,14.63,56.46,229.27,2.42,0.0,good,11.849999999999998,17.941833,True,False,True,False,False,2
2024-W04,2024-01-29,midterm,"auri,infection,hyperacidity,headache,dizziness,cold,cough,lbm,auri,fever,dizziness,runny nose,cough,lbm,headache,hyperacidity,lbm,headache,auri,uti,infection","['bsit', 'bsit', 'bse', 'staff', 'bsitautotech', 'staff', 'bscrim', 'staff', 'ccsict', 'bsba', 'others', 'others', 'others', 'others', 'ced', 'staff', 'staff', 'bscrim']",25.0,"['Male', 'Male', 'Female', 'Male', 'Male', 'Female', 'Male', 'Female', 'Male', 'Female', 'Female', 'Female', 'Female', 'Male', 'Male', 'Female', 'Male', 'Female', 'Female', 'Female']",2024-01-29,2024-01-31,20.0,4.0,2.0,1.0,2.0,12.0,9.0,5.0,4.0,23.84,30.86,17.51,79.43,5.2,5.99,259888.73,10.94,18.4,59.53,258.28,3.71,0.0,good,13.349999999999998,18.936112,False,False,False,False,False,0
2024-W05,2024-02-05,finals,"cold,cold,cold,cough,cold,cold,menstrual cramps,cold,cold,cold","['staff', 'staff', 'others', 'bsba', 'staff', 'staff', 'staff', 'staff', 'staff']",20.0,"['Female', 'Female', 'Male', 'Female', 'Female', 'Female', 'Male', 'Female', 'Female']",2024-02-06,2024-02-06,9.0,2.0,0.0,1.0,0.0,7.0,1.0,7.0,1.0,24.48,30.66,18.61,78.17,11.1,6.69,255918.82,7.97,12.08,47.46,226.63,3.41,0.0,good,12.05,19.136016,True,False,False,False,False,1
2024-W06,2024-02-12,finals,,[],20.0,[],2024-02-12,2024-02-12,0.0,0.0,0.0,0.0,0.0,0.0,0.0,0.0,0.0,24.23,30.46,17.76,76.6,5.4,7.03,246716.99,11.49,18.86,58.89,261.58,3.02,0.0,good,12.7,18.56018,False,False,False,False,False,0
2024-W07,2024-02-19,finals,,[],20.0,[],2024-02-19,2024-02-19,0.0,0.0,0.0,0.0,0.0,0.0,0.0,0.0,0.0,25.67,31.71,19.41,74.96,4.9,7.4,270596.97,9.84,15.42,46.08,216.32,4.15,0.0,good,12.3,19.242232,False,False,False,False,False,0
2024-W08,2024-02-26,finals,,[],20.0,[],2024-02-26,2024-02-26,0.0,0.0,0.0,0.0,0.0,0.0,0.0,0.0,0.0,24.92,31.51,18.86,74.52,13.1,7.73,257435.71,10.61,17.29,54.08,229.35,3.26,0.0,good,12.650000000000002,18.570384,True,False,False,False,False,1
2024-W09,2024-03-04,finals,"sprain,asthma,cough,fever,runny nose,cold,cough,dizziness,headache,cold,cough","['bse', 'bscrim', 'bscrim', 'bsemc']",19.666666666666668,"['Female', 'Female', 'Female', 'Female', 'Female']",2024-03-05,2024-03-06,5.0,4.0,0.0,1.0,1.0,5.0,4.0,0.0,0.0,25.21,32.96,20.31,79.48,22.7,7.14,213667.33,9.99,15.17,48.39,228.03,2.97,0.0,good,12.650000000000002,20.036908000000004,True,True,False,False,False,2
2024-W10,2024-03-11,finals,dizziness,['bscrim'],21.0,['Female'],2024-03-12,2024-03-12,1.0,0.0,0.0,0.0,0.0,1.0,1.0,0.0,0.0,25.51,31.51,20.36,75.39,12.7,6.23,240269.76,15.02,25.16,70.55,284.94,2.39,0.0,good,11.150000000000002,19.231989000000002,True,False,False,False,False,1
2024-W11,2024-03-18,finals,"uti,allergy,headache","['bsentrep', 'bat', 'beed']",23.0,"['Female', 'Female', 'Female']",2024-03-20,2024-03-21,3.0,0.0,0.0,1.0,0.0,2.0,3.0,0.0,0.0,25.44,32.81,18.81,74.31,16.1,7.6,259745.94,14.01,22.48,60.36,263.54,3.45,0.0,good,14.000000000000004,18.904464,True,True,False,False,False,2
2024-W12,2024-03-25,finals,,[],20.0,[],2024-03-25,2024-03-25,0.0,0.0,0.0,0.0,0.0,0.0,0.0,0.0,0.0,27.33,34.31,21.26,76.68,33.9,5.54,257447.61,9.09,13.85,39.27,213.99,3.7,0.0,good,13.05,20.956644,True,True,False,False,False,2
2024-W13,2024-04-01,finals,,[],20.0,[],2024-04-01,2024-04-01,0.0,0.0,0.0,0.0,0.0,0.0,0.0,0.0,0.0,27.85,35.11,20.21,68.03,0.7,5.91,293650.49,7.83,11.72,33.41,190.7,3.63,0.0,good,14.899999999999999,18.946355,False,True,False,False,False,1
2024-W14,2024-04-08,finals,,[],20.0,[],2024-04-08,2024-04-08,0.0,0.0,0.0,0.0,0.0,0.0,0.0,0.0,0.0,28.99,35.71,23.06,65.97,4.4,6.01,292739.08,11.22,16.96,36.9,193.74,3.96,0.0,good,12.650000000000002,19.124702999999997,False,True,False,False,False,1
2024-W15,2024-04-15,finals,,[],20.0,[],2024-04-15,2024-04-15,0.0,0.0,0.0,0.0,0.0,0.0,0.0,0.0,0.0,29.78,36.76,22.11,61.02,0.0,5.65,297460.32,8.46,12.41,39.81,206.3,3.38,0.0,good,14.649999999999999,18.171756000000002,False,True,False,False,False,1
2024-W16,2024-04-22,finals,"headache,dysmenorrhea,abrasion,cough,body pain","['beed', 'staff', 'bscrim', 'bsitautotech']",22.0,"['Female', 'Female', 'Male', 'Male', 'Male']",2024-04-23,2024-04-25,5.0,1.0,0.0,3.0,0.0,1.0,3.0,1.0,0.0,29.98,37.96,22.01,68.13,21.8,5.75,290616.73,8.6,12.68,35.54,202.82,3.67,0.0,good,15.95,20.425373999999998,True,True,False,False,False,2
2024-W17,2024-04-29,finals,,[],20.0,[],2024-04-29,2024-04-29,0.0,0.0,0.0,0.0,0.0,0.0,0.0,0.0,0.0,30.94,38.46,24.56,60.34,0.0,6.44,298829.38,7.62,11.39,34.86,183.64,3.42,0.0,good,13.900000000000002,18.669196000000003,False,True,False,False,False,1
2024-W18,2024-05-06,break,"headache,headache,auri,body pain,cold","['staff', 'bsit', 'bshm', 'bscrim']",20.0,"['Female', 'Female', 'Female', 'Male']",2024-05-05,2024-05-10,4.0,2.0,0.0,2.0,0.0,1.0,3.0,1.0,0.0,29.45,38.06,23.81,69.45,36.5,6.93,268795.58,7.43,11.64,44.67,195.25,2.68,0.0,good,14.250000000000004,20.453025,True,True,False,False,False,2
2024-W19,2024-05-13,break,"fever,cut,auri","['staff', 'staff', 'bsba']",18.0,"['Female', 'Male', 'Female']",2024-05-13,2024-05-13,3.0,1.0,0.0,0.0,1.0,1.0,1.0,2.0,0.0,27.51,37.11,23.71,84.1,79.0,4.35,235730.39,7.59,11.05,37.98,200.18,3.33,0.0,good,13.399999999999999,23.13591,True,True,True,False,False,3
2024-W20,2024-05-20,break,"sprain,auri,cold,cough,headache,malaise","['bsit', 'bsba', 'bse', 'bscrim', 'bscrim']",19.4,"['Male', 'Female', 'Female', 'Female', 'Female']",2024-05-21,2024-05-24,5.0,3.0,0.0,1.0,1.0,1.0,5.0,0.0,0.0,28.41,34.86,24.01,81.64,66.2,4.85,227540.91,8.92,13.28,35.02,197.95,4.33,0.0,good,10.849999999999998,23.193924,True,True,True,False,False,3
2024-W21,2024-05-27,break,"hyperacidity,abrasion,body pain,body pain,diarrhea,cold,dysmenorrhea,infection,lbm,lbm,dizziness,hematoma,cold,infection,skin allergy,cold,cough,lbm,cut,dizziness,headache,malaise,cough,sprain,lbm,stomach ache,auri","['bscrim', 'beed', 'bscrim', 'bscrim', 'bscrim', 'bsit', 'bscrim', 'bscrim', 'bscrim', 'beed', 'bsba', 'bsit', 'bsba', 'bsba', 'bsentrep', 'bsitautotech', 'bsba', 'bsma', 'bsba', 'staff', 'bscrim']",20.45,"['Male', 'Female', 'Male', 'Male', 'Female', 'Male', 'Female', 'Female', 'Female', 'Female', 'Female', 'Female', 'Female', 'Female', 'Male', 'Male', 'Female', 'Female', 'Female', 'Female', 'Male']",2024-05-27,2024-05-31,21.0,3.0,4.0,3.0,2.0,15.0,20.0,1.0,0.0,28.85,35.26,24.36,80.83,60.8,5.4,241586.74,10.54,15.56,42.81,192.97,3.32,0.0,good,10.899999999999999,23.319455,True,True,True,False,False,3
2024-W22,2024-06-03,break,"cold,headache,cold,toothache,epigastric pain,dysmenorrhea,hematoma,lbm,hyperacidity,dizziness,auri,dysmenorrhea,body pain,dysmenorrhea,dizziness,headache,dizziness,cough,headache,headache,cough,headache,lbm,headache,headache,hyperacidity,auri,infection","['bapos', 'staff', 'bsba', 'bstm', 'bsemc', 'beed', 'bscrim', 'bsit', 'bse', 'ced', 'bsemc', 'bsit', 'bsit', 'bsit', 'bsit', 'bstm', 'bslm', 'bslm', 'bsentrep', 'bsit', 'baels', 'baels', 'bsit', 'bsentrep', 'bscs']",21.95,"['Male', 'Female', 'female', 'Male', 'Female', 'Female', 'Female', 'Female', 'Female', 'Female', 'Female', 'Female', 'Female', 'Female', 'Male', 'Female', 'Female', 'Female', 'Male', 'Female', 'Male', 'Female', 'Female', 'Male']",2024-06-03,2024-06-07,25.0,3.0,3.0,4.0,1.0,17.0,24.0,1.0,0.0,27.48,35.11,23.71,86.54,84.8,4.1,234621.81,10.45,15.17,47.1,189.98,3.06,0.0,good,11.399999999999999,23.781192,True,True,True,False,False,3
2024-W23,2024-06-10,break,"body pain,toothache,body pain,body pain,dizziness,stomach ache,headache,lbm,stomach ache,hypertension,hematoma,lbm,runny nose,body pain,runny nose,lbm,headache,body pain,lbm","['ccsict', 'bapos', 'bapos', 'bse', 'beed', 'bshm', 'bapos', 'bsma', 'bshm', 'bsentrep', 'bshm', 'bshm', 'bscrim', 'bse', 'bscs', 'bsit', 'bsentrep']",20.46153846153846,"['Female', 'Female', 'Female', 'Female', 'Female', 'Male', 'Male', 'Male', 'Male', 'Female', 'Female', 'Female', 'Female', 'Female', 'Female', 'Female', 'Female']",2024-06-10,2024-06-13,17.0,1.0,2.0,3.0,0.0,13.0,17.0,0.0,0.0,28.47,35.31,23.76,82.29,44.8,4.64,292317.63,16.34,23.69,52.56,209.03,3.83,0.0,moderate,11.55,23.427963000000002,True,True,True,False,False,3
2024-W24,2024-06-17,break,"dizziness,fever,malaise,hyperacidity,cough,fever,auri,dysmenorrhea","['bslm', 'bscrim', 'bscrim', 'bsba', 'bapos']",20.6,"['Female', 'Male', 'Female', 'Female', 'Female']",2024-06-18,2024-06-20,5.0,2.0,1.0,1.0,2.0,2.0,5.0,0.0,0.0,28.32,35.21,23.51,81.67,60.9,5.02,279016.36,7.75,11.37,34.1,154.83,3.25,0.0,good,11.7,23.128944,True,True,True,False,False,3
2024-W25,2024-06-24,break,,[],20.0,[],2024-06-24,2024-06-24,0.0,0.0,0.0,0.0,0.0,0.0,0.0,0.0,0.0,27.86,34.91,23.66,83.28,36.2,5.1,249603.97,7.79,11.62,35.69,151.64,3.22,0.0,good,11.249999999999996,23.201808,True,True,True,False,False,3
2024-W26,2024-07-01,break,,[],20.0,[],2024-07-01,2024-07-01,0.0,0.0,0.0,0.0,0.0,0.0,0.0,0.0,0.0,27.71,33.91,23.56,83.3,35.3,4.55,265645.71,8.36,12.47,36.06,162.62,3.98,0.0,good,10.349999999999998,23.08243,True,True,True,False,False,3
2024-W27,2024-07-08,break,,[],20.0,[],2024-07-08,2024-07-08,0.0,0.0,0.0,0.0,0.0,0.0,0.0,0.0,0.0,27.44,34.26,23.26,85.09,93.6,4.72,261101.12,7.07,10.35,33.23,151.45,3.48,0.0,good,10.999999999999996,23.348696,True,True,True,False,False,3
2024-W28,2024-07-15,break,,[],20.0,[],2024-07-15,2024-07-15,0.0,0.0,0.0,0.0,0.0,0.0,0.0,0.0,0.0,27.72,33.71,23.76,84.94,53.5,4.19,214856.23,6.61,9.85,32.69,146.74,3.5,0.0,good,9.95,23.545367999999996,True,True,True,False,False,3
2024-W29,2024-07-22,break,,[],20.0,[],2024-07-22,2024-07-22,0.0,0.0,0.0,0.0,0.0,0.0,0.0,0.0,0.0,27.5,34.46,23.81,82.78,108.8,8.94,131668.1,6.3,9.18,39.14,186.58,3.34,0.0,good,10.650000000000002,22.764499999999998,True,True,True,False,False,3
2024-W30,2024-07-29,break,,[],20.0,[],2024-07-29,2024-07-29,0.0,0.0,0.0,0.0,0.0,0.0,0.0,0.0,0.0,26.91,33.36,23.41,86.56,88.7,4.46,276234.37,8.95,12.92,46.58,176.07,2.74,0.0,good,9.95,23.293296,True,True,True,False,False,3
2024-W31,2024-08-05,prelim,"cold,dizziness",['bscs'],21.0,['Female'],2024-08-07,2024-08-07,1.0,1.0,0.0,0.0,0.0,1.0,1.0,0.0,0.0,27.75,34.41,22.56,83.77,49.8,4.37,286380.64,9.06,13.35,47.46,178.31,2.81,0.0,good,11.849999999999998,23.246175,True,True,True,False,False,3
2024-W32,2024-08-12,prelim,"auri,abrasion,dizziness,cold,fever,allergy,fever,cold,cough,dizziness,cough,cough,hyperacidity,dizziness,headache,headache,abrasion,lbm,cold,cold,headache,stomach ache,stomach ache","['bscrim', 'bsit', 'bsit', 'bapos', 'bsit', 'bsentrep', 'bsit', 'bsit', 'bse', 'bscs', 'bscrim', 'bat', 'bsit', 'bse', 'bshm', 'bshm', 'bshm']",19.058823529411764,"['Female', 'Female', 'Female', 'Female', 'Male', 'Female', 'Male', 'Female', 'Female', 'Female', 'Male', 'Male', 'Male', 'Female', 'Male', 'Male', 'Female', 'Male', 'Male']",2024-08-12,2024-08-15,19.0,3.0,3.0,1.0,1.0,15.0,17.0,0.0,0.0,27.83,34.76,23.96,85.65,108.4,4.1,278533.52,8.35,12.46,46.56,179.83,2.93,0.0,good,10.799999999999997,23.836395,True,True,True,False,False,3
2024-W33,2024-08-19,prelim,"lbm,epigastric pain,hyperacidity,hyperacidity,epigastric pain,hematoma,auri,cold,headache,lbm,lbm,stomach ache,auri,dysmenorrhea,auri,cold,dizziness,hyperacidity,cold,vomiting,auri,dysmenorrhea,body pain,menstrual cramps,dizziness,allergy,malaise,skin allergy,cough","['beed', 'baels', 'baels', 'beed', 'bshm', 'bsba', 'beed', 'bsit', 'bse', 'beed', 'bscrim', 'bshm', 'bslm', 'beed', 'bsentrep', 'beed', 'bslm', 'bsemc', 'beed', 'bsentrep', 'bscs', 'bat', 'bsentrep', 'bsemc', 'bsemc']",19.565217391304348,"['Female', 'Female', 'Female', 'Female', 'Female', 'Female', 'Male', 'Male', 'Female', 'Female', 'Female', 'Female', 'Male', 'Female', 'Female', 'Male', 'Female', 'Female', 'Female', 'Male', 'Male', 'Female', 'Female', 'Male']",2024-08-19,2024-08-22,25.0,3.0,5.0,4.0,1.0,16.0,25.0,0.0,0.0,27.23,33.51,23.31,85.58,83.3,4.71,245565.3,11.69,17.2,35.61,176.29,3.56,0.0,good,10.2,23.303434,True,True,True,False,False,3
2024-W34,2024-08-26,prelim,"dysmenorrhea,dysmenorrhea,malaise,cold,cough,cold,cough,cold,cough,cold,cough,cold,cough,cold,cough,cold,cough,cold,cough,cold,cough,cold,cough,cold,cough,cold,cough,cold,cough,cold,cough,cold,cough,cold,cough,cold,cough,cold,cough,cold,cough,cold,cough,cold,cough,cold,cough,cold,cough,cold,cough,cold,cough,cold,cough,cold,cough,cold,cough,cold,cough,cold,cough,cold,cough,cold,cough,cold,cough","['bsentrep', 'bscrim', 'bscrim', 'bscrim', 'bscrim', 'bscrim', 'bscrim', 'bscrim', 'bscrim', 'bscrim', 'bscrim', 'bscrim', 'bscrim', 'bscrim', 'bscrim', 'bscrim', 'bscrim', 'bscrim', 'bscrim', 'bscrim', 'bscrim', 'bscrim', 'bscrim', 'bscrim', 'bscrim', 'bscrim', 'bscrim', 'bscrim', 'bscrim', 'bscrim', 'bscrim', 'bscrim', 'bscrim', 'bscrim', 'bscrim', 'bscrim']",19.5,"['Female', 'Female', 'Male', 'Male', 'Male', 'Male', 'Male', 'Male', 'Male', 'Male', 'Male', 'Male', 'Male', 'Male', 'Male', 'Male', 'Male', 'Male', 'Male', 'Male', 'Male', 'Male', 'Male', 'Male', 'Male', 'Male', 'Male', 'Male', 'Male', 'Male', 'Male', 'Male', 'Male', 'Male', 'Female', 'Female']",2024-08-25,2024-08-28,36.0,2.0,0.0,1.0,1.0,65.0,36.0,0.0,0.0,27.14,33.41,23.31,88.01,87.7,4.04,248647.45,10.59,15.5,43.04,177.31,3.23,0.0,good,10.099999999999998,23.885914000000003,True,True,True,False,False,3
2024-W35,2024-09-02,prelim,,[],20.0,[],2024-09-02,2024-09-02,0.0,0.0,0.0,0.0,0.0,0.0,0.0,0.0,0.0,27.08,33.51,23.56,87.79,111.8,7.65,175361.79,6.76,9.84,37.27,198.15,3.24,0.0,good,9.95,23.773532,True,True,True,False,False,3
2024-W36,2024-09-09,prelim,"cough,hyperventilation,cold,dizziness,stomach ache,dysmenorrhea,hyperacidity,infection,headache,infection,body pain,headache,hyperventilation,runny nose,infection,infection,asthma,dizziness,hyperacidity","['bse', 'bsit', 'bse', 'bscrim', 'bsemc', 'bsba', 'bse', 'bscrim', 'baels', 'bslm', 'bse', 'bse', 'bse', 'bse', 'bsais', 'bsais', 'beed']",19.8,"['Female', 'Female', 'Female', 'Male', 'Female', 'Female', 'Female', 'Female', 'Female', 'Male', 'Female', 'Female', 'Female', 'Female', 'Male', 'Male', 'Female', 'Female', 'Female']",2024-09-09,2024-09-13,19.0,4.0,2.0,3.0,1.0,9.0,17.0,0.0,0.0,26.19,33.06,23.06,90.44,117.8,4.39,183661.2,7.32,10.73,40.02,190.42,3.09,0.0,good,10.000000000000004,23.686236,True,True,True,False,False,3
2024-W37,2024-09-16,prelim,"headache,cold,dysmenorrhea,cough,skin allergy,body pain","['bapos', 'bsma', 'baels']",20.5,"['Female', 'Female', 'Female', 'Female', 'Female', 'Female']",2024-09-16,2024-09-16,6.0,2.0,0.0,3.0,0.0,1.0,3.0,0.0,0.0,26.02,32.76,23.56,91.32,124.1,4.94,93992.85,9.42,13.62,36.42,199.36,3.84,0.0,good,9.2,23.761463999999997,True,True,True,False,False,3
2024-W38,2024-09-23,prelim,cold,['bsentrep'],18.0,['Male'],2024-09-28,2024-09-28,1.0,1.0,0.0,0.0,0.0,0.0,1.0,0.0,0.0,27.36,33.06,23.31,85.43,39.5,4.52,178701.84,11.12,16.28,37.14,221.4,4.73,0.0,good,9.750000000000004,23.373648000000003,True,True,True,False,False,3
2024-W39,2024-09-30,prelim,"cramps,headache,cold,allergy,headache,headache","['bat', 'bscrim', 'bscrim', 'bscrim', 'bse', 'bsitautotech']",20.166666666666668,"['Female', 'Female', 'Female', 'Female', 'Male', 'Female']",2024-09-30,2024-10-02,6.0,1.0,0.0,2.0,0.0,3.0,6.0,0.0,0.0,26.96,32.76,22.76,83.11,51.3,7.72,162062.75,8.29,12.37,40.19,194.54,3.36,0.0,good,9.999999999999996,22.406456,True,True,True,False,False,3
2024-W40,2024-10-07,prelim,"anxiety,cough,cold,stitches,dizziness,cold,cough,cold,cough,headache,stomach ache,cough,cough,lbm,malaise,sprain,skin allergy,cold,fever,muscle strain,headache","['bshm', 'bsit', 'bscrim', 'bat', 'bstm', 'bped', 'bsitautotech', 'bsentrep', 'bsit', 'baels', 'bscrim', 'bsba', 'bsit', 'bsma', 'bsma', 'bslm', 'bat', 'bsit', 'bsitautotech']",19.0,"['Male', 'Male', 'Male', 'Male', 'Female', 'Male', 'Male', 'Female', 'Female', 'Male', 'Male', 'Male', 'Male', 'Female', 'Female', 'Female', 'Male', 'Male', 'Male']",2024-10-07,2024-10-09,19.0,2.0,2.0,2.0,2.0,13.0,19.0,0.0,0.0,25.79,31.41,22.91,89.92,137.1,3.84,204219.3,7.75,11.45,39.99,164.11,3.12,0.0,good,8.5,23.190368,True,False,True,False,False,2
2024-W41,2024-10-14,prelim,"stomach ache,headache,cold,headache,headache,cough,cough,headache,body pain,cough,cough,cough,dysmenorrhea,cough,cough,itchy throat,cough,headache,infection,cough,cold,lbm,lbm,fever,lbm,dizziness,muscle strain","['bshm', 'beed', 'beed', 'bse', 'bsentrep', 'bshm', 'bslm', 'bse', 'bsentrep', 'bsentrep', 'beed', 'bsitautotech', 'beed', 'beed', 'beed', 'bse', 'bapos', 'bshm', 'bscrim', 'bscrim', 'bat', 'bsit', 'bsba', 'bslm', 'bsit', 'bslm', 'bscrim']",19.2,"['Male', 'Male', 'Female', 'Male', 'Female', 'Male', 'Female', 'Female', 'Female', 'Female', 'Female', 'Male', 'Female', 'Male', 'Female', 'Female', 'Female', 'Male', 'Male', 'Female', 'Female', 'Female', 'Male', 'Male', 'Male', 'Female', 'Female']",2024-10-14,2024-10-19,27.0,3.0,2.0,4.0,2.0,16.0,27.0,0.0,0.0,26.37,31.91,22.26,86.51,55.0,5.27,242167.38,8.36,12.65,46.16,196.86,3.88,0.0,good,9.649999999999999,22.812687000000004,True,False,True,False,False,2
2024-W42,2024-10-21,prelim,"dizziness,cough,hyperacidity,wound,infection,fever,lbm,hyperacidity,hyperacidity,hyperacidity,headache,cold","['bscs', 'bapos', 'beed', 'others', 'bslm', 'others', 'bscs', 'beed', 'bscrim', 'beed', 'bapos', 'bscrim']",19.454545454545453,"['Male', 'Female', 'Female', 'Male', 'Male', 'Male', 'Female', 'Female', 'Female', 'Female', 'Male', 'Male']",2024-10-21,2024-10-22,12.0,2.0,2.0,1.0,2.0,5.0,10.0,0.0,2.0,26.53,31.81,22.41,84.51,221.8,12.11,187065.45,6.39,10.15,49.52,170.44,2.21,0.0,good,9.399999999999999,22.420503000000004,True,False,True,False,False,2
2024-W43,2024-10-28,prelim,,[],20.0,[],2024-10-28,2024-10-28,0.0,0.0,0.0,0.0,0.0,0.0,0.0,0.0,0.0,27.04,33.41,22.71,81.41,7.2,7.86,181248.13,7.27,11.06,51.28,208.95,3.14,0.0,good,10.699999999999996,22.013263999999996,False,True,True,False,False,2
2024-W44,2024-11-04,midterm,,[],20.0,[],2024-11-04,2024-11-04,0.0,0.0,0.0,0.0,0.0,0.0,0.0,0.0,0.0,26.29,31.91,22.51,82.3,88.2,11.31,196055.15,6.31,9.62,48.19,155.09,2.4,0.0,good,9.399999999999999,21.63667,True,False,True,False,False,2
2024-W45,2024-11-11,midterm,,[],20.0,[],2024-11-11,2024-11-11,0.0,0.0,0.0,0.0,0.0,0.0,0.0,0.0,0.0,26.13,32.31,22.81,85.93,281.1,12.83,151954.18,12.38,14.34,38.69,138.3,5.44,0.0,good,9.500000000000004,22.453509,True,True,True,False,False,3
2024-W46,2024-11-18,midterm,,[],20.0,[],2024-11-18,2024-11-18,0.0,0.0,0.0,0.0,0.0,0.0,0.0,0.0,0.0,25.8,30.81,22.51,86.2,35.1,5.49,233568.46,11.99,12.95,36.02,133.81,7.68,0.0,good,8.299999999999997,22.2396,True,False,True,False,False,2
2024-W47,2024-11-25,midterm,stomach ache,['bscrim'],20.0,['Female'],2024-11-27,2024-11-27,1.0,0.0,1.0,0.0,0.0,0.0,1.0,0.0,0.0,24.49,29.91,22.11,86.68,89.4,9.17,145824.72,6.52,7.16,52.09,185.23,4.13,0.0,good,7.800000000000001,21.227932,True,False,True,False,False,2
2024-W48,2024-12-02,midterm,,[],20.0,[],2024-12-02,2024-12-02,0.0,0.0,0.0,0.0,0.0,0.0,0.0,0.0,0.0,24.72,29.36,22.36,91.24,261.3,8.76,80423.53,10.7,11.76,46.11,168.24,5.76,0.0,good,7.0,22.554527999999998,True,False,True,False,False,2
2024-W49,2024-12-09,midterm,"stomach ache,muscle strain,stomach ache,cold,cold,cough,infection,hyperacidity","['bsitelectech', 'bscrim', 'bscrim', 'bscs', 'bscrim', 'bscrim', 'bscrim', 'bscrim']",18.375,"['Male', 'Male', 'Female', 'Male', 'Male', 'Male', 'Female', 'Female']",2024-12-14,2024-12-14,8.0,2.0,2.0,1.0,1.0,2.0,8.0,0.0,0.0,24.77,29.66,22.01,85.72,30.4,8.74,167981.51,12.27,14.04,52.87,190.83,5.97,0.0,good,7.649999999999999,21.232844,True,False,True,False,False,2
2024-W50,2024-12-16,midterm,,[],20.0,[],2024-12-16,2024-12-16,0.0,0.0,0.0,0.0,0.0,0.0,0.0,0.0,0.0,23.73,27.96,20.86,84.84,31.6,8.86,170259.9,10.05,11.23,58.16,218.77,5.25,0.0,good,7.100000000000001,20.132532,True,False,True,False,False,2
2024-W51,2024-12-23,midterm,,[],20.0,[],2024-12-23,2024-12-23,0.0,0.0,0.0,0.0,0.0,0.0,0.0,0.0,0.0,23.6,28.11,21.21,88.96,93.3,9.91,94272.91,11.98,13.43,47.07,182.23,6.92,0.0,good,6.899999999999999,20.99456,True,False,True,False,False,2
2024-W52,2024-12-30,midterm,,[],20.0,[],2024-12-30,2024-12-30,0.0,0.0,0.0,0.0,0.0,0.0,0.0,0.0,0.0,24.2,28.76,21.61,90.45,22.4,5.23,83654.62,11.97,12.77,51.0,238.97,7.84,0.0,good,7.150000000000002,21.8889,True,False,True,False,False,2
2025-W01,2025-01-06,midterm,,[],20.0,[],2025-01-06,2025-01-06,0.0,0.0,0.0,0.0,0.0,0.0,0.0,0.0,0.0,22.59,27.66,19.36,87.27,33.5,9.57,106905.64,11.61,13.33,59.67,204.12,5.86,0.0,good,8.3,19.714292999999998,True,False,True,False,False,2
2025-W02,2025-01-13,midterm,,[],20.0,[],2025-01-13,2025-01-13,0.0,0.0,0.0,0.0,0.0,0.0,0.0,0.0,0.0,22.87,28.56,20.01,87.84,22.9,9.64,118589.11,10.43,11.3,55.35,213.11,6.47,0.0,good,8.549999999999997,20.089008000000003,True,False,True,False,False,2
2025-W03,2025-01-20,midterm,,[],20.0,[],2025-01-20,2025-01-20,0.0,0.0,0.0,0.0,0.0,0.0,0.0,0.0,0.0,24.2,29.56,20.11,84.75,10.0,7.32,220957.69,15.05,17.27,53.02,173.99,7.16,0.0,moderate,9.45,20.5095,False,False,True,False,False,1
2025-W04,2025-01-27,midterm,,[],20.0,[],2025-01-27,2025-01-27,0.0,0.0,0.0,0.0,0.0,0.0,0.0,0.0,0.0,22.38,29.76,19.36,86.48,15.3,9.05,131004.31,10.39,11.36,58.27,210.73,5.92,0.0,good,10.400000000000002,19.354224,True,False,True,False,False,2
2025-W05,2025-02-03,finals,,[],20.0,[],2025-02-03,2025-02-03,0.0,0.0,0.0,0.0,0.0,0.0,0.0,0.0,0.0,22.54,28.26,19.96,87.45,30.2,10.47,96687.48,13.46,14.89,53.56,221.31,6.53,0.0,moderate,8.3,19.71123,True,False,True,False,False,2
2025-W06,2025-02-10,finals,,[],20.0,[],2025-02-10,2025-02-10,0.0,0.0,0.0,0.0,0.0,0.0,0.0,0.0,0.0,23.75,29.11,19.36,91.01,127.5,5.42,128848.26,13.43,14.37,46.72,213.95,8.33,0.0,good,9.75,21.614875,True,False,True,False,False,2
2025-W07,2025-02-17,finals,,[],20.0,[],2025-02-17,2025-02-17,0.0,0.0,0.0,0.0,0.0,0.0,0.0,0.0,0.0,23.42,28.01,21.06,87.58,42.7,8.88,140081.03,12.71,13.99,53.86,207.58,6.67,0.0,good,6.950000000000003,20.511236000000004,True,False,True,False,False,2
2025-W08,2025-02-24,finals,,[],20.0,[],2025-02-24,2025-02-24,0.0,0.0,0.0,0.0,0.0,0.0,0.0,0.0,0.0,23.62,30.36,18.56,83.99,18.1,8.02,229288.92,15.62,18.33,65.42,218.29,6.66,0.0,moderate,11.8,19.838438,True,False,True,False,False,2
2025-W09,2025-03-03,finals,,[],20.0,[],2025-03-03,2025-03-03,0.0,0.0,0.0,0.0,0.0,0.0,0.0,0.0,0.0,24.95,31.26,21.61,86.66,126.0,6.48,206023.85,15.86,17.51,47.71,178.73,8.42,0.0,moderate,9.650000000000002,21.621669999999998,True,False,True,False,False,2
2025-W10,2025-03-10,finals,,[],20.0,[],2025-03-10,2025-03-10,0.0,0.0,0.0,0.0,0.0,0.0,0.0,0.0,0.0,25.25,31.01,19.06,82.02,25.0,5.72,282501.45,20.84,23.18,47.46,191.04,11.04,0.29,moderate,11.950000000000003,20.71005,True,False,True,False,False,2
2025-W11,2025-03-17,finals,,[],20.0,[],2025-03-17,2025-03-17,0.0,0.0,0.0,0.0,0.0,0.0,0.0,0.0,0.0,23.26,28.56,19.16,82.06,61.5,8.35,224781.67,15.37,17.71,67.12,220.24,5.76,0.0,moderate,9.399999999999999,19.087156,True,False,True,False,False,2
2025-W12,2025-03-24,finals,,[],20.0,[],2025-03-24,2025-03-24,0.0,0.0,0.0,0.0,0.0,0.0,0.0,0.0,0.0,26.15,32.26,18.41,81.74,22.3,5.33,266952.74,27.26,30.82,50.02,183.44,12.34,0.57,unhealthy_sensitive,13.849999999999998,21.375009999999996,True,True,True,True,False,3
2025-W13,2025-03-31,finals,,[],20.0,[],2025-03-31,2025-03-31,0.0,0.0,0.0,0.0,0.0,0.0,0.0,0.0,0.0,25.85,32.41,22.31,85.38,40.1,5.33,253220.74,23.32,25.49,57.55,194.23,9.11,0.29,moderate,10.099999999999998,22.07073,True,True,True,False,False,3
2025-W14,2025-04-07,finals,,[],20.0,[],2025-04-07,2025-04-07,0.0,0.0,0.0,0.0,0.0,0.0,0.0,0.0,0.0,27.49,34.16,22.86,79.86,16.6,4.72,280215.71,25.03,26.34,51.8,195.6,9.39,0.29,moderate,11.299999999999997,21.953514,True,True,False,True,False,2
2025-W15,2025-04-14,finals,,[],20.0,[],2025-04-14,2025-04-14,0.0,0.0,0.0,0.0,0.0,0.0,0.0,0.0,0.0,27.69,33.61,22.26,78.25,29.2,4.87,282822.59,31.39,32.54,53.89,198.58,12.57,0.86,unhealthy_sensitive,11.349999999999998,21.667425,True,True,False,True,False,2
2025-W16,2025-04-21,finals,,[],20.0,[],2025-04-21,2025-04-21,0.0,0.0,0.0,0.0,0.0,0.0,0.0,0.0,0.0,28.58,34.21,22.31,72.9,1.5,5.02,293801.23,30.66,31.72,55.91,172.59,12.99,0.71,unhealthy_sensitive,11.900000000000002,20.83482,False,True,False,True,False,1
2025-W17,2025-04-28,finals,,[],20.0,[],2025-04-28,2025-04-28,0.0,0.0,0.0,0.0,0.0,0.0,0.0,0.0,0.0,28.03,34.71,21.86,77.19,31.3,4.93,277698.36,31.11,32.33,51.24,162.27,12.86,0.86,unhealthy_sensitive,12.850000000000001,21.636357,True,True,False,True,False,2
2025-W18,2025-05-05,break,,[],20.0,[],2025-05-05,2025-05-05,0.0,0.0,0.0,0.0,0.0,0.0,0.0,0.0,0.0,27.75,33.71,23.86,82.83,46.4,4.4,252928.35,30.36,31.24,42.3,177.31,13.86,0.86,unhealthy_sensitive,9.850000000000001,22.985325,True,True,True,True,False,3
2025-W19,2025-05-12,break,hyperacidity,['bscrim'],20.0,['Female'],2025-05-13,2025-05-13,1.0,0.0,1.0,0.0,0.0,0.0,1.0,0.0,0.0,27.42,33.66,23.16,82.02,57.3,4.23,266383.64,28.43,29.24,55.33,181.04,11.46,0.86,unhealthy_sensitive,10.499999999999996,22.489884,True,True,True,True,False,3
2025-W20,2025-05-19,break,"hyperacidity,hyperacidity","['bsba', 'bse']",19.5,"['Female', 'Female']",2025-05-23,2025-05-23,2.0,0.0,1.0,0.0,0.0,1.0,2.0,0.0,0.0,28.82,34.56,23.21,74.76,11.5,5.1,295567.72,34.38,35.79,42.99,150.45,16.91,1.0,unhealthy_sensitive,11.350000000000001,21.545832,True,True,False,True,False,2
2025-W21,2025-05-26,break,"nosebleed,dysmenorrhea,dysmenorrhea,headache","['bshm', 'beed', 'baels', 'beed']",19.0,"['Female', 'Female', 'Female', 'Female']",2025-05-26,2025-05-26,4.0,0.0,0.0,2.0,0.0,2.0,4.0,0.0,0.0,27.65,34.31,23.66,82.87,53.1,4.38,219538.33,29.1,30.18,46.63,174.4,12.07,0.71,unhealthy_sensitive,10.650000000000002,22.913555,True,True,True,True,False,3
2025-W22,2025-06-02,break,"hypertension,headache,headache,headache,anxiety","['staff', 'bse', 'bsit', 'staff', 'bslm']",24.25,"['Male', 'Male', 'Male', 'Male', 'Male']",2025-06-02,2025-06-04,5.0,0.0,0.0,1.0,0.0,4.0,3.0,2.0,0.0,27.96,35.76,24.11,83.93,97.1,4.69,273930.21,26.06,27.22,57.49,159.85,9.57,0.43,moderate,11.649999999999999,23.466828000000003,True,True,True,True,False,3
2025-W23,2025-06-09,break,body pain,['staff'],40.0,['Female'],2025-06-10,2025-06-10,1.0,0.0,0.0,1.0,0.0,0.0,0.0,1.0,0.0,27.65,34.11,24.36,83.37,53.5,5.77,206928.5,29.43,30.24,49.28,158.92,12.11,0.71,unhealthy_sensitive,9.75,23.051804999999998,True,True,True,True,False,3
2025-W24,2025-06-16,break,,[],20.0,[],2025-06-16,2025-06-16,0.0,0.0,0.0,0.0,0.0,0.0,0.0,0.0,0.0,27.38,33.51,23.56,84.44,58.1,3.92,216989.23,31.8,32.84,40.36,165.35,13.65,0.86,unhealthy_sensitive,9.95,23.119671999999998,True,True,True,True,False,3
2025-W25,2025-06-23,break,,[],20.0,[],2025-06-23,2025-06-23,0.0,0.0,0.0,0.0,0.0,0.0,0.0,0.0,0.0,26.86,32.86,23.41,86.51,101.8,3.73,235224.2,30.34,31.17,46.33,159.14,12.2,0.71,unhealthy_sensitive,9.45,23.236586000000003,True,True,True,True,False,3
2025-W26,2025-06-30,break,epigastric pain,['bse'],20.0,['Female'],2025-07-02,2025-07-02,1.0,0.0,1.0,0.0,0.0,0.0,1.0,0.0,0.0,26.59,32.76,23.16,87.35,91.1,6.09,173051.65,30.18,30.85,45.94,174.71,12.47,1.0,unhealthy_sensitive,9.599999999999998,23.226364999999998,True,True,True,True,False,3
2025-W27,2025-07-07,break,"allergy,allergy","['bse', 'bstm']",20.0,"['Female', 'Female']",2025-07-07,2025-07-07,2.0,0.0,0.0,0.0,0.0,2.0,2.0,0.0,0.0,28.0,33.46,24.46,85.18,40.3,4.13,267977.74,24.41,25.89,48.94,170.34,9.86,0.57,unhealthy_sensitive,9.0,23.850400000000004,True,True,True,False,False,3
