date_cleaned,academic_period,normalized_symptoms,course_mapped,age,gender,visit_count,respiratory_count,digestive_count,pain_count,fever_count,other_count,student_visits,staff_visits,other_visits,date,temperature_2m_mean,temperature_2m_max,temperature_2m_min,sunshine_duration,wind_speed_10m_max,precipitation_sum,relative_humidity_2m_mean,wind_speed_10m_mean,pm10_mean,pm10_max,pm10_min,pm2_5_mean,pm2_5_max,pm2_5_min,carbon_monoxide_mean,carbon_monoxide_max,carbon_monoxide_min,nitrogen_dioxide_mean,nitrogen_dioxide_max,nitrogen_dioxide_min,ozone_mean,ozone_max,ozone_min,aqi_category,high_pm2_5,high_pm10,high_ozone,respiratory_risk_score,pm10_mean_7day,pm2_5_mean_7day,ozone_mean_7day,temperature_range,heat_humidity_index,is_rainy_day,is_hot_day,is_humid_day,is_high_pollution,is_very_high_pollution
2022-09-14,prelim,"headache,asthma,malaise,hyperventilation,stomach ache,allergy,fever","['baels', 'bsit', 'bslm', 'bscrim', 'bslm', 'bsba', 'bscrim']",21.571428571428573,"['Female', 'Female', 'Female', 'Male', 'Male', 'Female', 'Male']",7,1,1,1,2,2,7,0,0,,,,,,,,,,22.88,28.4,18.5,14.8,19.3,11.5,302.71,373.0,252.0,3.34,8.7,0.45,53.54,81.0,23.0,good,False,False,False,0,23.63,15.5,58.3,,,False,False,False,False,False
2022-09-20,prelim,"nosebleed,hyperacidity","['beed', 'bse']",20.0,"['Female', 'Female']",2,0,1,0,0,1,2,0,0,,,,,,,,,,12.36,18.8,8.6,8.52,12.9,5.9,176.17,209.0,154.0,1.84,3.9,0.3,44.83,60.0,35.0,good,False,False,False,0,15.97,10.74,54.85,,,False,False,False,False,False
2022-09-21,prelim,headache,['bshm'],18.0,['Male'],1,0,0,1,0,0,1,0,0,,,,,,,,,,8.75,11.4,4.7,5.9,7.6,3.1,186.71,221.0,166.0,1.59,3.0,0.15,52.0,70.0,34.0,good,False,False,False,0,14.11,9.38,53.66,,,False,False,False,False,False
2022-09-27,prelim,lbm,['bse'],19.0,['Female'],1,0,1,0,0,0,1,0,0,,,,,,,,,,13.96,18.7,9.3,9.64,12.9,6.4,165.0,193.0,126.0,2.97,8.15,0.25,43.29,62.0,28.0,good,False,False,False,0,10.23,6.88,43.43,,,False,False,False,False,False
2022-09-28,prelim,"earache,hyperacidity,stomach ache,asthma,cough","['bscrim', 'bscrim', 'bslm', 'bscrim']",18.75,"['Female', 'Female', 'Female', 'Female']",4,2,2,0,0,1,4,0,0,,,,,,,,,,10.9,16.0,8.5,7.53,11.0,5.9,125.42,162.0,111.0,1.81,3.95,0.25,36.42,47.0,29.0,good,False,False,False,0,9.02,6.18,40.24,,,False,False,False,False,False
2022-09-29,prelim,stomach ache,['bsit'],19.0,['Female'],1,0,1,0,0,0,1,0,0,,,,,,,,,,8.84,14.6,5.5,6.14,10.1,3.8,119.62,161.0,102.0,1.91,6.75,0.25,35.71,48.0,26.0,good,False,False,False,0,9.77,6.67,38.43,,,False,False,False,False,False
2022-10-03,prelim,asthma,['bslm'],18.0,['Male'],1,1,0,0,0,0,1,0,0,,,,,,,,,,10.86,16.1,7.7,7.2,10.7,4.9,116.96,142.0,94.0,2.76,5.45,0.6,31.54,43.0,21.0,good,False,False,False,0,8.63,5.82,34.05,,,False,False,False,False,False
2022-10-05,prelim,cough,['bat'],19.0,['Male'],1,1,0,0,0,0,1,0,0,,,,,,,,,,7.66,10.2,5.4,5.25,7.1,3.6,106.21,128.0,86.0,2.0,4.15,0.2,32.58,45.0,23.0,good,False,False,False,0,8.79,5.94,34.64,,,False,False,False,False,False
2022-10-06,prelim,headache,['beed'],17.0,['Female'],1,0,0,1,0,0,1,0,0,,,,,,,,,,8.29,13.3,5.8,5.6,9.0,3.9,108.96,155.0,85.0,2.12,6.6,0.2,38.67,49.0,28.0,good,False,False,False,0,9.27,6.26,35.04,,,False,False,False,False,False
2022-10-10,prelim,headache,['bscrim'],18.0,['Female'],1,0,0,1,0,0,1,0,0,,,,,,,,,,9.69,19.7,4.3,6.39,13.1,2.9,123.25,168.0,90.0,1.9,5.0,0.25,38.46,59.0,24.0,good,False,False,False,0,8.68,5.86,38.08,,,False,False,False,False,False
2022-10-11,prelim,"cough,itchy throat,punctured wound,asthma","['bse', 'bstm', 'bat', 'bsitelectech']",20.0,"['Female', 'Female', 'Male', 'Male']",4,3,0,0,0,1,4,0,0,,,,,,,,,,6.64,10.3,2.8,4.39,6.3,1.9,139.96,162.0,114.0,1.39,2.65,0.55,53.62,72.0,35.0,good,False,False,False,0,8.86,5.94,39.21,,,False,False,False,False,False
2022-10-13,prelim,"stomach ache,dizziness,dysmenorrhea,malaise,cold,fever,hyperacidity,hyperacidity,stomach ache,dizziness","['beed', 'bsentrep', 'bsentrep', 'bsitelectech', 'bsba', 'bscs', 'bslm']",19.428571428571427,"['Female', 'Female', 'Female', 'Male', 'Male', 'Male', 'Male']",7,1,2,1,2,4,7,0,0,,,,,,,,,,8.46,14.2,6.4,5.78,9.5,4.3,111.71,134.0,94.0,2.04,3.8,0.25,32.92,45.0,22.0,good,False,False,False,0,8.51,5.71,41.16,,,False,False,False,False,False
2022-10-17,prelim,stomach ache,['bse'],20.0,['Female'],1,0,1,0,0,0,1,0,0,,,,,,,,,,13.2,15.4,11.4,8.51,10.1,7.1,166.38,190.0,137.0,2.54,5.15,0.2,51.46,81.0,27.0,good,False,False,False,0,11.23,7.54,47.5,,,False,False,False,False,False
2022-10-18,prelim,"dysmenorrhea,headache,pimple,dysmenorrhea,dysmenorrhea,cough,body pain,cold,fever,lbm,hyperacidity,dizziness,lbm","['bse', 'bscrim', 'bse', 'beed', 'bsba', 'bsba', 'bsba', 'bsentrep', 'bat', 'bat', 'bslm']",18.818181818181817,"['Female', 'Female', 'Male', 'Female', 'Female', 'Female', 'Female', 'Female', 'Female', 'Female', 'Male']",11,2,2,3,1,5,11,0,0,,,,,,,,,,16.45,21.0,14.0,11.13,14.4,9.3,170.83,191.0,140.0,2.14,3.8,0.1,49.88,73.0,25.0,good,False,False,False,0,11.17,7.57,47.73,,,False,False,False,False,False
2022-10-19,prelim,"stomach ache,stomach ache,uti,asthma","['bat', 'bsit', 'bstm', 'bsba']",18.75,"['Male', 'Male', 'Female', 'Male']",4,1,1,0,0,2,4,0,0,,,,,,,,,,10.8,14.6,8.1,7.39,9.9,5.6,176.54,200.0,164.0,1.64,3.55,0.25,58.17,79.0,45.0,good,False,False,False,0,11.73,7.98,46.71,,,False,False,False,False,False
2022-10-20,prelim,"dizziness,dysmenorrhea,dizziness","['bshm', 'bsit']",18.0,"['Female', 'Female']",2,0,0,1,0,2,2,0,0,,,,,,,,,,10.07,14.3,5.6,6.97,10.0,3.9,153.08,177.0,132.0,2.25,4.45,0.8,43.0,50.0,33.0,good,False,False,False,0,13.16,8.97,44.61,,,False,False,False,False,False
2022-10-22,prelim,"cough,dizziness,fever","['beed', 'bscrim', 'bapos']",18.666666666666668,"['Female', 'Female', 'Female']",3,1,0,0,1,1,3,0,0,,,,,,,,,,14.1,22.1,11.0,9.8,15.3,7.6,169.83,228.0,131.0,3.72,9.95,0.1,33.04,55.0,18.0,good,False,False,False,0,12.03,8.19,41.31,,,False,False,False,False,False
2022-10-24,prelim,"pimple,dizziness,epigastric pain,dizziness,dysmenorrhea","['beed', 'beed', 'bscrim', 'bsentrep']",19.25,"['Female', 'Male', 'Female', 'Female']",4,0,1,1,0,3,4,0,0,,,,,,,,,,11.25,20.1,5.0,7.79,14.0,3.5,103.79,128.0,85.0,1.86,3.3,0.3,28.17,39.0,20.0,good,False,False,False,0,14.93,9.49,44.69,,,False,False,False,False,False
2022-10-25,prelim,"dizziness,cough,dizziness,headache,lbm","['bsit', 'bslm', 'bat', 'bslm']",20.5,"['Female', 'Female', 'Female', 'Male']",4,1,1,1,0,2,4,0,0,,,,,,,,,,10.52,24.6,4.2,6.36,13.3,2.9,135.29,187.0,82.0,1.41,2.25,0.55,50.12,75.0,22.0,good,False,False,False,0,14.52,9.17,43.65,,,False,False,False,False,False
2022-10-26,prelim,"headache,dysmenorrhea,dizziness,dizziness,hyperventilation,shortness of breath,fever","['bscrim', 'bsais', 'bsentrep', 'bse', 'bse', 'bse']",18.25,"['Female', 'Female', 'Female', 'Female', 'Female', 'Male']",6,0,0,2,1,4,6,0,0,,,,,,,,,,20.42,26.9,15.3,11.55,14.4,9.0,154.83,186.0,131.0,1.14,2.3,0.25,63.79,76.0,54.0,good,False,False,False,0,13.09,8.17,43.49,,,False,False,False,False,False
2022-10-27,prelim,"cold,cough,vomiting,dysmenorrhea,lbm,headache,fever,headache,dysmenorrhea","['bstm', 'staff', 'staff', 'staff', 'baels', 'staff', 'bsentrep']",25.0,"['Male', 'Female', 'Female', 'Female', 'Female', 'Male', 'Female']",7,2,2,2,1,2,3,4,0,,,,,,,,,,20.73,28.1,10.3,11.91,15.4,6.1,139.33,147.0,130.0,1.11,2.2,0.2,61.0,78.0,52.0,good,False,False,False,0,11.51,7.04,45.2,,,False,False,False,False,False
2022-11-07,midterm,"dysmenorrhea,headache,dysmenorrhea,chest pain,lbm,fever,hyperventilation,lbm,cold,allergy,cold,migraine,headache,cold,allergy,allergy,cold,cough,dizziness,cold,cold","['bapos', 'staff', 'bshm', 'bsais', 'bscs', 'bse', 'staff', 'staff', 'bsentrep', 'bsentrep', 'bslm', 'bslm', 'bshm', 'bscrim', 'baels', 'staff', 'bsma', 'bscrim', 'bscrim']",20.642857142857142,"['Female', 'Male', 'Female', 'Female', 'Female', 'Female', 'Male', 'Male', 'Female', 'Male', 'Female', 'Male', 'Female', 'Female', 'Female', 'Female', 'Female', 'Female', 'Female']",19,2,1,3,1,14,15,4,0,,,,,,,,,,10.09,15.3,7.3,6.82,10.3,4.9,120.12,140.0,101.0,1.71,3.55,0.4,37.71,50.0,31.0,good,False,False,False,0,12.26,8.3,38.57,,,False,False,False,False,False
2022-11-08,midterm,"malaise,abrasion,cold,abrasion,clammy skin,hyperventilation,cold,headache,headache,runny nose,runny nose,headache","['bse', 'bsentrep', 'bsit', 'bscs', 'bsma', 'bscrim', 'bse', 'bse', 'beed', 'staff', 'staff']",21.181818181818183,"['Male', 'Female', 'Male', 'Male', 'Female', 'Male', 'Female', 'Female', 'Female', 'Female', 'Female']",11,2,0,1,1,8,9,2,0,,,,,,,,,,9.86,16.2,6.7,6.8,11.1,4.7,139.62,190.0,125.0,2.13,7.1,0.4,42.75,58.0,31.0,good,False,False,False,0,12.36,8.35,35.07,,,False,False,False,False,False
2022-11-09,midterm,"uti,dizziness,menstrual cramps,stiff neck,cold,cough,cold","['bsit', 'bsit', 'bstm', 'bscrim', 'bstm', 'bstm']",19.833333333333332,"['Female', 'Female', 'Female', 'Female', 'Female', 'Female']",6,2,0,1,0,4,6,0,0,,,,,,,,,,16.37,23.2,11.0,11.05,15.8,7.2,148.54,176.0,109.0,2.8,6.35,0.0,39.62,59.0,28.0,good,False,False,False,0,12.53,8.45,34.5,,,False,False,False,False,False
2022-11-10,midterm,"cough,stomach ache,headache,stitches,abrasion,cold,lbm,dizziness","['baels', 'bstm', 'bat', 'bshm', 'bscs', 'bscs', 'bslm', 'bsitautotech']",19.625,"['Male', 'Female', 'Female', 'Male', 'Male', 'Female', 'Female', 'Male']",8,2,2,1,0,3,8,0,0,,,,,,,,,,14.47,21.8,9.7,9.69,15.0,6.3,133.96,173.0,94.0,2.59,5.15,0.2,29.79,45.0,18.0,good,False,False,False,0,12.51,8.42,34.29,,,False,False,False,False,False
2022-11-12,midterm,dizziness,['bse'],18.0,['Female'],1,0,0,0,0,1,1,0,0,,,,,,,,,,12.37,18.4,6.5,8.3,12.5,4.3,107.29,162.0,72.0,2.89,7.55,0.35,30.71,42.0,24.0,good,False,False,False,0,12.52,8.38,33.33,,,False,False,False,False,False
2022-11-14,midterm,"hyperventilation,itchy throat,epigastric pain,hyperacidity,lbm,infection,fever","['bslm', 'bsba', 'bslm', 'bapos', 'bapos', 'bsit', 'bscrim']",19.714285714285715,"['Female', 'Female', 'Male', 'Male', 'Female', 'Female', 'Female']",7,1,3,0,2,1,7,0,0,,,,,,,,,,9.77,17.9,5.8,6.48,11.9,4.0,107.88,150.0,90.0,1.94,6.3,0.25,35.88,48.0,28.0,good,False,False,False,0,12.77,8.4,34.96,,,False,False,False,False,False
2022-11-15,midterm,"headache,cold,fever,dysmenorrhea,allergy","['bapos', 'bscrim', 'bapos', 'bshm']",18.0,"['Female', 'Female', 'Female', 'Male']",4,1,0,2,1,1,4,0,0,,,,,,,,,,10.23,14.9,6.5,6.8,10.1,4.3,109.58,172.0,88.0,2.16,8.5,0.4,37.88,48.0,31.0,good,False,False,False,0,12.9,8.48,36.2,,,False,False,False,False,False
2022-11-16,midterm,"cough,cough,allergy,fever","['bsba', 'bsit', 'beed', 'bapos']",19.25,"['Female', 'Male', 'Female', 'Male']",4,1,0,0,1,2,4,0,0,,,,,,,,,,13.07,22.8,8.1,8.33,14.8,5.1,122.96,196.0,94.0,2.75,9.2,0.15,40.79,53.0,28.0,good,False,False,False,0,13.63,8.9,37.3,,,False,False,False,False,False
2022-11-17,midterm,"vomiting,cold,dysmenorrhea,asthma,stomach ache,asthma,cold,cough","['bslm', 'bslm', 'beed', 'bsba', 'bsba']",19.2,"['Female', 'Male', 'Female', 'Female', 'Male']",5,3,2,1,0,2,5,0,0,,,,,,,,,,19.53,27.6,12.3,12.57,17.9,8.2,149.67,192.0,119.0,3.16,7.15,0.4,40.0,59.0,28.0,good,False,False,False,0,13.19,8.62,38.08,,,False,False,False,False,False
2022-11-21,midterm,"lbm,epigastric pain,headache,epigastric pain,dysmenorrhea","['bsba', 'bsba', 'bsma', 'bsit', 'bscrim']",18.5,"['Female', 'Female', 'Male', 'Male', 'Female']",5,0,2,2,0,1,5,0,0,,,,,,,,,,12.78,18.7,9.2,8.62,12.9,6.1,111.75,150.0,85.0,2.57,7.1,0.45,34.42,41.0,27.0,good,False,False,False,0,13.19,8.83,34.97,,,False,False,False,False,False
2022-11-22,midterm,"malaise,cold,cough,fever,cold,fever,cold,cough,cold,fever,cold,cough,menstrual cramps,hyperacidity,headache,headache,asthma,dizziness,dysmenorrhea,infection,fever","['bsentrep', 'bshm', 'baels', 'bstm', 'bsba', 'bsma', 'beed', 'bsma', 'bstm', 'bsit', 'bslm', 'bse', 'bsais', 'bsba', 'bsba']",18.923076923076923,"['Female', 'Female', 'Male', 'Female', 'Male', 'Female', 'Female', 'Female', 'Female', 'Male', 'Male', 'Female', 'Female', 'Female', 'Male']",15,3,1,3,3,11,15,0,0,,,,,,,,,,14.9,21.7,9.5,10.03,14.7,6.3,126.62,205.0,94.0,3.31,11.5,0.25,34.38,47.0,22.0,good,False,False,False,0,13.57,9.11,33.15,,,False,False,False,False,False
2022-11-24,midterm,"cold,dizziness,fever,skin allergy","['bscs', 'bse', 'beed']",19.333333333333332,"['Male', 'Female', 'Male']",3,1,0,0,1,2,3,0,0,,,,,,,,,,12.19,22.6,6.8,8.35,15.6,4.5,130.25,237.0,88.0,3.54,12.3,0.15,32.83,49.0,14.0,good,False,False,False,0,13.84,9.38,29.92,,,False,False,False,False,False
2022-11-28,midterm,"stomach ache,cut","['bstm', 'bat']",20.0,"['Male', 'Female']",2,0,1,0,0,1,2,0,0,,,,,,,,,,13.44,28.3,5.7,9.07,19.2,3.7,145.33,208.0,98.0,3.29,7.25,0.2,29.96,46.0,16.0,good,False,False,False,0,13.79,9.32,30.51,,,False,False,False,False,False
2022-11-29,midterm,"dizziness,headache,hematoma","['bslm', 'beed']",18.5,"['Male', 'Female']",2,0,0,1,0,2,2,0,0,,,,,,,,,,18.28,28.2,10.0,12.26,19.2,6.5,154.0,204.0,114.0,3.15,6.6,0.4,34.54,53.0,18.0,good,False,False,False,0,13.29,8.91,32.86,,,False,False,False,False,False
2022-12-01,midterm,"dizziness,muscle strain,dry mouth","['bslm', 'bsba', 'bsba']",19.0,"['Female', 'Female', ' Female']",3,0,0,1,0,2,3,0,0,,,,,,,,,,9.49,12.0,5.9,6.34,8.1,4.0,105.96,147.0,87.0,1.74,5.8,0.4,36.25,50.0,25.0,good,False,False,False,0,13.28,8.75,38.82,,,False,False,False,False,False
2022-12-03,midterm,"cramps,headache,dysmenorrhea,cramps","['bscrim', 'bse', 'bscrim', 'beed']",19.25,"['Female', 'Female', 'Female', 'Female']",4,0,0,3,0,1,4,0,0,,,,,,,,,,13.5,20.3,10.1,8.75,13.4,6.4,139.79,201.0,107.0,3.03,9.45,0.2,47.21,63.0,33.0,good,False,False,False,0,11.26,7.41,42.24,,,False,False,False,False,False
2022-12-06,midterm,"fever,dysmenorrhea","['baels', 'bscrim']",20.0,"['Female', 'Female']",2,0,0,1,1,0,2,0,0,,,,,,,,,,7.36,12.4,3.2,5.01,8.3,2.2,108.71,130.0,93.0,1.51,3.05,0.4,41.88,51.0,32.0,good,False,False,False,0,9.73,6.4,46.58,,,False,False,False,False,False
2022-12-07,midterm,"cold,cough,infection,headache","['bslm', 'bsit', 'bscs']",20.666666666666668,"['Male', 'Female', 'Female']",3,2,0,1,1,0,3,0,0,,,,,,,,,,7.43,12.2,4.6,4.89,7.9,3.1,111.21,120.0,97.0,1.65,2.8,0.15,42.75,56.0,33.0,good,False,False,False,0,9.5,6.17,49.67,,,False,False,False,False,False
2022-12-14,midterm,"cold,cold,diarrhea","['bsit', 'baels']",18.666666666666668,"['Male', 'Male', 'Male']",3,1,1,0,0,1,2,0,0,,,,,,,,,,1.44,1.8,1.2,1.01,1.3,0.8,61.12,64.0,60.0,0.0,0.0,0.0,30.75,34.0,29.0,good,False,False,False,0,8.42,5.56,42.84,,,False,False,False,False,False
2023-01-03,midterm,"fever,asthma,cold,cough,cold,body pain,cold","['bse', 'bapos', 'others', 'baels', 'bscs']",20.4,"['Female', 'Female', 'Male', 'Male', 'Male']",5,3,0,1,1,2,4,0,1,,,,,,,,,,6.56,10.1,0.2,4.46,6.9,0.1,138.46,147.0,133.0,1.36,2.35,0.65,54.25,68.0,46.0,good,False,False,False,0,9.34,6.14,54.97,,,False,False,False,False,False
2023-01-04,midterm,"cold,fever,cold,cough,body pain,hyperacidity","['bsma', 'bslm', 'bslm', 'bsba']",19.75,"['Female', 'Male', 'Female', 'Female', 'Female']",5,2,1,1,1,1,4,0,0,,,,,,,,,,10.39,14.9,7.5,6.41,9.1,4.7,133.75,151.0,125.0,1.1,2.3,0.4,58.12,67.0,48.0,good,False,False,False,0,10.29,6.66,54.31,,,False,False,False,False,False
2023-01-14,midterm,dizziness,['bscrim'],19.0,['Female'],1,0,0,0,0,1,1,0,0,,,,,,,,,,22.49,31.3,13.8,14.95,21.1,9.2,194.79,277.0,131.0,4.63,12.0,0.25,37.29,64.0,22.0,good,False,False,False,0,20.08,12.66,50.13,,,False,False,False,False,False
2023-01-16,midterm,"malaise,cold,lbm,malaise","['bsit', 'bapos', 'bslm', 'bscrim']",21.5,"['Female', 'Female', 'Male', 'Male']",4,1,1,0,1,1,4,0,0,,,,,,,,,,9.15,13.2,6.8,5.9,7.9,4.5,122.67,180.0,98.0,1.09,2.05,0.25,51.17,65.0,45.0,good,False,False,False,0,16.66,10.64,49.36,,,False,False,False,False,False
2023-01-17,midterm,"cough,stomach ache,sprain,infection,cold","['bsit', 'bse', 'bse', 'baels', 'bsentrep']",,"['Female', 'Female', 'Female', 'Female', 'Male']",5,2,1,0,1,1,5,0,0,,,,,,,,,,13.42,17.5,9.2,8.33,11.3,5.7,218.88,231.0,188.0,1.51,2.75,0.8,51.92,62.0,45.0,good,False,False,False,0,15.93,10.11,49.56,,,False,False,False,False,False
2023-01-30,midterm,fever,['bscrim'],21.0,['Female'],1,0,0,0,1,0,1,0,0,,,,,,,,,,15.34,20.1,9.3,9.42,12.3,6.0,185.42,212.0,163.0,1.3,2.25,0.5,55.04,67.0,45.0,good,False,False,False,0,17.65,10.98,56.67,,,False,False,False,False,False
2023-03-16,finals,"cold,dizziness,lbm,headache,cough,cough","['bsit', 'others', 'bapos', 'bsma', 'staff']",20.5,"['Male', 'Female', 'Female', 'Male', 'Female', 'Male']",6,2,1,1,0,2,3,1,1,,,,,,,,,,17.68,27.4,8.7,11.16,17.5,5.3,136.58,192.0,103.0,2.56,7.6,0.2,51.0,68.0,40.0,good,False,False,False,0,16.38,10.46,54.16,,,False,False,False,False,False
2023-03-27,finals,"skin allergy,body pain,headache,lbm,lbm,lbm,lbm",[],20.0,"['Female', 'Female', 'Male', 'Male', 'Female', 'Male', 'Female']",7,0,1,2,0,4,0,0,0,,,,,,,,,,17.79,26.1,10.7,12.07,18.0,7.1,140.08,155.0,123.0,0.94,1.4,0.3,49.21,60.0,29.0,good,False,False,False,0,17.34,11.56,40.94,,,False,False,False,False,False
2023-03-28,finals,"headache,lbm,lbm,body pain",[],37.0,"['Male', 'Female', 'Male', 'Male']",4,0,1,2,0,1,0,0,0,,,,,,,,,,21.0,33.2,9.9,14.0,22.5,6.5,152.38,167.0,138.0,0.97,1.3,0.3,49.62,60.0,40.0,good,False,False,False,0,18.71,12.5,43.89,,,False,False,False,False,False
2023-03-29,finals,"cough,sprain,sprain,allergy,headache,hematoma,allergy,allergy,sprain,sprain,sprain,headache,cough",[],,"['Male', 'Female', 'Female', 'Female', 'Female', 'Female', 'Female', 'Female', 'Female', 'Male', 'Male', 'Female', 'Female']",13,1,0,1,0,11,0,0,0,,,,,,,,,,21.82,38.6,8.0,14.28,25.8,5.2,155.75,168.0,146.0,1.37,3.9,0.3,42.38,55.0,28.0,good,False,False,False,0,20.05,13.46,45.13,,,False,False,False,False,False
2023-03-30,finals,"body pain,body pain,sprain,body pain",[],,"['Male', 'Male', 'Female', 'Male']",4,0,0,1,0,3,0,0,0,,,,,,,,,,17.74,28.8,7.6,11.6,18.6,4.9,158.88,185.0,141.0,2.32,5.2,0.3,43.21,58.0,31.0,good,False,False,False,0,20.35,13.66,48.15,,,False,False,False,False,False
2023-04-12,finals,headache,['others'],21.0,['Female'],1,0,0,1,0,0,0,0,1,,,,,,,,,,27.59,46.7,13.0,17.93,30.4,8.9,209.96,308.0,153.0,2.64,7.8,0.4,53.79,81.0,31.0,moderate,False,False,False,0,21.2,13.83,62.11,,,False,False,False,False,False
2023-04-17,finals,body pain,['bat'],20.0,['Female'],1,0,0,1,0,0,1,0,0,,,,,,,,,,25.7,36.1,16.3,17.89,25.1,11.4,258.42,266.0,254.0,1.6,4.3,0.5,74.62,94.0,57.0,moderate,False,False,False,0,20.52,14.12,52.3,,,False,False,False,False,False
2023-04-24,finals,stomach ache,['bscrim'],20.0,['Male'],1,0,1,0,0,0,1,0,0,,,,,,,,,,17.33,25.2,10.3,11.6,17.4,6.8,249.12,318.0,217.0,1.94,9.5,0.4,65.04,84.0,43.0,good,False,False,False,0,24.36,16.38,64.6,,,False,False,False,False,False
2023-04-25,finals,"headache,nosebleed,cold","['bscrim', 'bsba', 'bat']",19.666666666666668,"['Female', 'Female', 'Male']",3,1,0,1,0,1,3,0,0,,,,,,,,,,20.04,28.5,13.1,12.4,17.1,8.2,251.29,301.0,225.0,2.55,7.7,0.3,64.0,86.0,43.0,good,False,False,False,0,22.63,15.06,65.07,,,False,False,False,False,False
2023-04-26,finals,"cold,wound",['bapos'],19.0,"['Female', 'Female']",2,1,0,0,0,1,1,0,0,,,,,,,,,,16.82,24.7,9.8,10.73,15.5,6.3,241.62,294.0,219.0,2.01,6.8,0.3,62.54,81.0,44.0,good,False,False,False,0,20.31,13.39,59.58,,,False,False,False,False,False
2023-04-27,finals,wound,['bat'],20.0,['Male'],1,0,0,0,0,1,1,0,0,,,,,,,,,,14.8,23.6,7.9,9.59,15.4,4.9,218.92,250.0,188.0,1.52,3.9,0.2,62.25,77.0,49.0,good,False,False,False,0,16.89,11.0,54.95,,,False,False,False,False,False
2023-05-02,break,"cough,body pain,body pain,hyperacidity","['bat', 'bapos', 'bapos', 'bsma']",21.25,"['Male', 'Female', 'Female', 'Female']",4,1,1,1,0,1,4,0,0,,,,,,,,,,13.82,21.7,8.6,9.14,14.9,5.3,144.0,200.0,110.0,3.06,7.9,0.1,35.83,50.0,21.0,good,False,False,False,0,15.28,10.13,36.84,,,False,False,False,False,False
2023-05-03,break,"cramps,dysmenorrhea",['bsentrep'],22.0,['Female'],1,0,0,2,0,0,1,0,0,,,,,,,,,,15.73,23.5,10.1,10.05,15.5,6.3,157.83,252.0,119.0,3.67,11.7,0.2,42.08,57.0,25.0,good,False,False,False,0,14.51,9.6,35.61,,,False,False,False,False,False
2024-01-03,midterm,"cold,cough,dizziness",['staff'],22.0,['Female'],1,2,0,0,0,1,0,1,0,,,,,,,,,,7.89,13.2,3.7,5.36,9.0,2.5,227.58,280.0,195.0,1.76,3.2,0.6,52.54,64.0,41.0,good,False,False,False,0,10.15,6.42,50.32,,,False,False,False,False,False
2024-01-05,midterm,"cold,cough",['staff'],24.0,['Male'],1,2,0,0,0,0,0,1,0,,,,,,,,,,15.21,33.5,9.0,9.31,20.2,5.9,299.17,370.0,265.0,3.02,8.3,0.7,55.88,82.0,36.0,good,False,False,False,0,13.69,8.37,54.1,,,False,False,False,False,False
2024-01-08,midterm,"auri,cold,cough,wound,cold,cough,headache,hyperacidity,lbm,cold,headache,headache,cold,lbm,cold,cold,skin allergy,cough,cough,cold,cold,dizziness,headache","['others', 'staff', 'bsba', 'beed', 'bsentrep', 'staff', 'staff', 'staff', 'staff', 'staff', 'staff', 'staff', 'staff', 'bslm', 'staff', 'staff', 'bsentrep', 'bsentrep', 'others', 'bslm']",29.38888888888889,"['Male', 'Male', 'Female', 'Male', 'Female', 'Female', 'Male', 'Female', 'Female', 'Female', 'Female', 'Female', 'Female', 'Male', 'Female', 'Male', 'Female', 'Male', 'Female', 'Female']",20,3,2,1,0,17,7,11,2,,,,,,,,,,20.28,26.0,13.2,12.06,15.5,7.7,207.04,271.0,157.0,3.5,9.0,0.5,54.71,77.0,36.0,good,False,False,False,0,16.48,10.0,55.64,,,False,False,False,False,False
2024-01-09,midterm,"malaise,dizziness,fever,asthma,abrasion,lbm,abrasion,auri,cold,headache,runny nose,allergy,runny nose","['bscrim', 'bsais', 'bshm', 'bscrim', 'bslm', 'staff', 'bse', 'staff', 'staff']",23.125,"['Female', 'Male', 'Male', 'Female', 'Female', 'Female', 'Female', 'Female', 'Female']",9,4,1,1,2,5,6,3,0,,,,,,,,,,13.2,23.3,4.2,8.25,15.3,2.7,214.88,308.0,167.0,3.78,12.2,0.3,52.46,72.0,36.0,good,False,False,False,0,17.05,10.31,56.7,,,False,False,False,False,False
2024-01-10,midterm,"infection,headache,dizziness,asthma,headache,auri,cold,cough,fever,cough,cold,stomach ache","['staff', 'baels', 'bscrim', 'bslm', 'bsit', 'bsba', 'bse', 'staff', 'beed', 'bsba']",23.6,"['Female', 'Female', 'Male', 'Female', 'Male', 'Male', 'Female', 'Female', 'Female', 'Female']",10,4,1,1,2,4,8,2,0,,,,,,,,,,11.6,18.5,5.2,7.53,11.9,3.4,195.58,212.0,174.0,2.13,3.6,0.4,50.96,71.0,29.0,good,False,False,False,0,17.34,10.43,57.38,,,False,False,False,False,False
2024-01-11,midterm,"headache,auri,body pain,cold,fever,hyperacidity,vomiting,hyperacidity,stomach ache,body pain,cold,cough,fever,dysmenorrhea,hyperacidity,body pain,dysmenorrhea,cough,cough,cough,auri,auri","['bsitautotech', 'bsit', 'bscrim', 'bse', 'baels', 'bapos', 'beed', 'ced', 'ced', 'ced', 'bapos', 'bapos', 'staff', 'bstm', 'bstm']",21.666666666666668,"['Male', 'Male', 'Female', 'Male', 'Female', 'Female', 'Female', 'Male', 'Female', 'Female', 'Male', 'Male', 'Female', 'Female', 'Female']",15,3,3,3,1,12,14,1,0,,,,,,,,,,16.64,28.3,10.6,10.01,16.7,6.7,282.0,375.0,204.0,1.78,2.9,0.7,65.25,91.0,47.0,good,False,False,False,0,17.76,10.63,59.1,,,False,False,False,False,False
2024-01-15,midterm,cough,['bsit'],23.0,['Female'],1,1,0,0,0,0,1,0,0,,,,,,,,,,18.47,26.8,9.9,10.79,15.6,5.8,207.96,259.0,171.0,2.36,4.5,0.4,61.83,82.0,43.0,good,False,False,False,0,20.06,11.72,63.68,,,False,False,False,False,False
2024-01-16,midterm,"hyperventilation,uti,cold,cough,cold,uti,headache,infection,hypertension,headache,headache","['bse', 'baels', 'bsais', 'bsit', 'staff', 'bsit', 'bscrim', 'ccsict', 'bsba', 'staff']",24.2,"['Female', 'Female', 'Female', 'Female', 'Male', 'Male', 'Female', 'Male', 'Male', 'Male']",10,2,0,1,1,7,8,2,0,,,,,,,,,,18.64,26.8,13.8,10.65,15.7,7.9,193.67,233.0,169.0,2.0,5.8,0.3,62.08,83.0,45.0,good,False,False,False,0,19.82,11.62,63.52,,,False,False,False,False,False
2024-01-17,midterm,"cold,cough,fever,headache,cough,cough,cough,cold,cough,dizziness,headache,headache,cold,cough,infection,cold,cold,cough,hyperventilation,punctured wound,hematoma","['staff', 'staff', 'bstm', 'bstm', 'staff', 'staff', 'ced', 'bsit', 'bstm', 'ccsict', 'bscrim', 'bsentrep', 'bscrim', 'bscrim']",22.09090909090909,"['Female', 'Female', 'Male', 'Female', 'Female', 'Male', 'Male', 'Female', 'Female', 'Female', 'Male', 'Female', 'Male', 'Female']",14,2,0,1,2,16,10,4,0,,,,,,,,,,23.49,31.5,16.8,13.42,17.6,9.5,241.58,337.0,193.0,2.67,7.4,0.4,67.71,91.0,45.0,good,False,False,False,0,19.2,11.43,62.07,,,False,False,False,False,False
2024-01-18,midterm,"stomach ache,body pain,headache,migraine,dizziness,headache,auri,allergy,skin allergy,headache,headache,cold,cold,headache,cold,itchy throat,headache,infection","['bse', 'staff', 'bsit', 'baels', 'bse', 'beed', 'bscs', 'bscrim', 'bse', 'bse', 'bse', 'beed', 'bscrim']",18.857142857142858,"['Female', 'Female', 'Female', 'Female', 'Female', 'Female', 'Female', 'Female', 'Male', 'Female', 'Female', 'Female', 'Male']",13,3,1,2,1,11,12,1,0,,,,,,,,,,17.17,28.9,8.0,10.63,18.1,4.9,277.46,332.0,211.0,3.79,9.3,0.4,63.88,92.0,41.0,good,False,False,False,0,18.33,11.13,59.45,,,False,False,False,False,False
2024-01-22,midterm,"malaise,auri,cough,auri,cough,fever,cough,cough,dizziness,dysmenorrhea,dizziness,headache,uti,uti,uti","['bscrim', 'bscrim', 'bscrim', 'bscrim', 'bscrim', 'staff', 'beed', 'bsba', 'bsba', 'bsba', 'bsba']",20.333333333333332,"['Female', 'Female', 'Female', 'Female', 'Female', 'Male', 'Female', 'Male', 'Female', 'Female', 'Female']",11,2,0,2,2,9,10,1,0,,,,,,,,,,10.33,18.7,3.5,6.85,12.5,2.3,192.67,253.0,156.0,2.77,6.0,0.4,47.38,67.0,32.0,good,False,False,False,0,12.67,7.99,54.16,,,False,False,False,False,False
2024-01-23,midterm,"auri,auri,body pain,cut,cut,cold,cough","['bslm', 'bse', 'bsit', 'bsentrep', 'bsba']",19.8,"['Male', 'Female', 'Male', 'Female', 'Female', 'Female']",6,3,0,1,0,3,5,0,0,,,,,,,,,,6.88,12.5,3.2,4.39,8.1,2.1,214.12,253.0,175.0,1.72,3.4,0.7,54.17,70.0,39.0,good,False,False,False,0,13.38,8.34,54.41,,,False,False,False,False,False
2024-01-25,midterm,"cold,cold,cold,cold,cold,cold,cold,cold,headache,epigastric pain,stomach ache,dysmenorrhea","['staff', 'staff', 'staff', 'others', 'staff', 'staff', 'staff', 'staff', 'bsentrep', 'bsentrep', 'bscrim']",18.666666666666668,"['Female', 'Female', 'Male', 'Female', 'Male', 'Female', 'Female', 'Female', 'Female', 'Female', 'Female']",11,1,2,2,0,7,3,7,1,,,,,,,,,,12.99,30.7,5.0,7.71,17.7,3.2,228.21,249.0,201.0,1.85,3.9,0.7,59.04,79.0,41.0,good,False,False,False,0,15.29,9.14,59.4,,,False,False,False,False,False
2024-01-29,midterm,"auri,infection,hyperacidity,headache,dizziness,cold,cough,lbm,auri,fever,dizziness,runny nose,uti,infection","['bsit', 'bsit', 'bse', 'staff', 'bsitautotech', 'staff', 'bscrim', 'staff', 'ccsict', 'bsba', 'others']",25.571428571428573,"['Male', 'Male', 'Female', 'Male', 'Male', 'Female', 'Male', 'Female', 'Male', 'Female', 'Female', 'Female', 'Female']",13,4,2,1,2,5,7,3,1,,,,,,,,,,19.06,31.3,7.2,10.8,17.3,4.1,288.58,315.0,246.0,2.66,5.9,0.3,65.46,89.0,45.0,good,False,False,False,0,21.16,12.37,63.37,,,False,False,False,False,False
2024-01-30,midterm,"cough,lbm,headache,hyperacidity,lbm,headache","['others', 'others', 'others', 'ced', 'staff', 'staff']",,"['Female', 'Female', 'Male', 'Male', 'Female', 'Male']",6,1,2,1,0,2,1,2,3,,,,,,,,,,21.52,30.4,14.2,12.16,18.6,7.8,280.92,371.0,233.0,3.38,10.3,0.2,63.04,88.0,44.0,good,False,False,False,0,20.32,11.96,62.34,,,False,False,False,False,False
2024-01-31,midterm,auri,['bscrim'],21.0,['Female'],1,1,0,0,0,0,1,0,0,,,,,,,,,,19.0,28.9,9.1,11.36,17.9,5.3,273.75,364.0,192.0,4.17,10.5,0.4,58.0,80.0,44.0,good,False,False,False,0,18.4,10.94,59.53,,,False,False,False,False,False
2024-02-06,finals,"cold,cold,cold,cough,cold,cold,menstrual cramps,cold,cold,cold","['staff', 'staff', 'others', 'bsba', 'staff', 'staff', 'staff', 'staff', 'staff']",,"['Female', 'Female', 'Male', 'Female', 'Female', 'Female', 'Male', 'Female', 'Female']",9,2,0,1,0,7,1,7,1,,,,,,,,,,11.86,24.3,5.2,7.92,16.1,3.6,217.08,335.0,150.0,4.05,10.9,0.3,44.25,63.0,22.0,good,False,False,False,0,12.58,8.33,45.17,,,False,False,False,False,False
2024-03-05,finals,"asthma,cough,fever,runny nose,cold,cough,dizziness,headache","['bscrim', 'bscrim', 'bsemc']",19.666666666666668,"['Female', 'Female', 'Female']",3,4,0,1,1,2,3,0,0,,,,,,,,,,8.7,17.3,2.7,5.8,11.7,1.8,183.62,267.0,141.0,2.49,6.8,0.2,36.12,55.0,17.0,good,False,False,False,0,16.15,10.58,46.88,,,False,False,False,False,False
2024-03-06,finals,"sprain,cold,cough",['bse'],,"['Female', 'Female']",2,2,0,0,0,1,1,0,0,,,,,,,,,,12.52,32.6,6.8,8.55,22.1,4.8,192.38,319.0,154.0,3.04,10.2,0.4,45.12,71.0,22.0,good,False,False,False,0,15.17,9.99,48.39,,,False,False,False,False,False
2024-03-12,finals,dizziness,['bscrim'],21.0,['Female'],1,0,0,0,0,1,1,0,0,,,,,,,,,,21.26,29.6,13.9,13.69,18.6,8.9,302.42,346.0,255.0,2.61,5.7,0.4,62.54,86.0,30.0,good,False,False,False,0,24.19,14.45,71.61,,,False,False,False,False,False
2024-03-20,finals,headache,['beed'],20.0,['Female'],1,0,0,1,0,0,1,0,0,,,,,,,,,,16.3,30.5,8.4,10.29,19.4,5.4,265.88,372.0,237.0,2.23,8.4,0.3,58.33,75.0,34.0,good,False,False,False,0,22.48,14.01,60.36,,,False,False,False,False,False
2024-03-21,finals,"uti,allergy","['bsentrep', 'bat']",24.5,"['Female', 'Female']",2,0,0,0,0,2,2,0,0,,,,,,,,,,23.25,38.1,17.7,14.18,23.1,10.7,221.62,279.0,191.0,1.9,5.3,0.6,70.08,87.0,53.0,good,False,False,False,0,22.2,13.83,59.6,,,False,False,False,False,False
2024-04-23,finals,headache,['beed'],20.0,['Female'],1,0,0,1,0,0,1,0,0,,,,,,,,,,12.68,21.1,5.0,8.44,14.4,3.3,198.46,298.0,119.0,4.16,9.9,0.2,26.62,48.0,3.0,good,False,False,False,0,12.5,8.45,34.68,,,False,False,False,False,False
2024-04-24,finals,"dysmenorrhea,abrasion,cough","['staff', 'bscrim', 'bsitautotech']",22.666666666666668,"['Female', 'Male', 'Male']",3,1,0,1,0,1,2,1,0,,,,,,,,,,15.69,20.7,10.6,10.82,14.3,7.3,197.75,295.0,126.0,4.67,11.1,0.5,33.42,53.0,2.0,good,False,False,False,0,12.68,8.6,35.54,,,False,False,False,False,False
2024-04-25,finals,body pain,[],,['Male'],1,0,0,1,0,0,0,0,0,,,,,,,,,,13.02,24.3,6.2,9.02,16.9,4.2,180.79,311.0,122.0,3.08,8.8,0.3,36.88,54.0,21.0,good,False,False,False,0,12.62,8.59,33.9,,,False,False,False,False,False
2024-05-05,break,headache,['staff'],,['Female'],1,0,0,1,0,0,0,1,0,,,,,,,,,,8.42,15.4,3.3,5.55,10.0,2.2,172.04,226.0,133.0,3.09,7.3,0.3,36.58,62.0,9.0,good,False,False,False,0,10.79,7.01,37.75,,,False,False,False,False,False
2024-05-09,break,"headache,auri","['bsit', 'bshm']",,"['Female', 'Female']",2,1,0,1,0,0,2,0,0,,,,,,,,,,11.4,20.5,5.4,7.21,12.8,3.6,186.5,215.0,172.0,2.06,4.8,0.4,40.25,53.0,23.0,good,False,False,False,0,12.05,7.73,44.88,,,False,False,False,False,False
2024-05-10,break,"body pain,cold",['bscrim'],,['Male'],1,1,0,1,0,0,1,0,0,,,,,,,,,,10.52,19.7,6.1,6.82,12.6,4.2,247.58,304.0,200.0,1.93,5.2,0.3,65.67,96.0,38.0,good,False,False,False,0,12.64,8.18,44.02,,,False,False,False,False,False
2024-05-13,break,"fever,cut,auri","['staff', 'staff', 'bsba']",18.0,"['Female', 'Male', 'Female']",3,1,0,0,1,1,1,2,0,,,,,,,,,,15.35,27.2,8.7,10.53,18.9,5.9,238.08,341.0,165.0,4.69,11.7,0.5,31.71,51.0,1.0,good,False,False,False,0,12.85,8.61,43.68,,,False,False,False,False,False
2024-05-21,break,sprain,['bsit'],18.0,['Male'],1,0,0,0,0,1,1,0,0,,,,,,,,,,14.27,24.2,4.7,9.73,16.6,3.1,214.0,312.0,134.0,4.82,12.8,0.3,38.67,57.0,16.0,good,False,False,False,0,12.52,8.46,37.24,,,False,False,False,False,False
2024-05-22,break,"auri,cold,cough","['bsba', 'bse']",20.5,"['Female', 'Female']",2,3,0,0,0,0,2,0,0,,,,,,,,,,10.9,19.3,5.8,7.3,13.1,3.8,203.71,317.0,133.0,4.41,12.5,0.3,34.46,55.0,4.0,good,False,False,False,0,13.28,8.92,35.02,,,False,False,False,False,False
2024-05-24,break,"headache,malaise","['bscrim', 'bscrim']",19.0,"['Female', 'Female']",2,0,0,1,1,0,2,0,0,,,,,,,,,,13.45,21.9,6.4,8.77,14.8,4.1,196.71,297.0,127.0,5.13,11.3,0.4,31.33,55.0,3.0,good,False,False,False,0,11.81,7.92,34.02,,,False,False,False,False,False
2024-05-27,break,"lbm,dizziness,hematoma,cold,infection,skin allergy,cold,cough,lbm,cut","['beed', 'bsba', 'bsit', 'bsba', 'bsba', 'bsentrep', 'bsitautotech']",21.142857142857142,"['Female', 'Female', 'Female', 'Female', 'Female', 'Male', 'Male']",7,2,1,0,1,6,7,0,0,,,,,,,,,,11.71,23.3,7.4,8.09,16.2,5.1,187.08,277.0,153.0,3.75,8.2,0.6,41.33,73.0,17.0,good,False,False,False,0,14.06,9.43,39.6,,,False,False,False,False,False
2024-05-28,break,"dizziness,headache,malaise,cough,sprain","['bsba', 'bsma', 'bsba']",20.666666666666668,"['Female', 'Female', 'Female']",3,1,0,1,1,2,3,0,0,,,,,,,,,,19.57,22.4,16.9,12.92,15.6,10.4,203.92,277.0,142.0,3.51,7.7,0.5,45.62,79.0,7.0,good,False,False,False,0,14.56,9.82,41.57,,,False,False,False,False,False
2024-05-29,break,"lbm,stomach ache,auri","['staff', 'bscrim']",25.5,"['Female', 'Male']",2,1,2,0,0,0,1,1,0,,,,,,,,,,15.93,21.8,10.2,10.82,14.8,6.8,197.46,239.0,156.0,2.75,5.2,0.6,49.54,74.0,19.0,good,False,False,False,0,15.56,10.54,42.81,,,False,False,False,False,False
2024-05-30,break,"hyperacidity,abrasion,body pain,body pain,diarrhea,cold,infection,lbm","['bscrim', 'beed', 'bscrim', 'bscrim', 'bscrim', 'bsit', 'bscrim', 'bscrim']",18.428571428571427,"['Male', 'Female', 'Male', 'Male', 'Female', 'Male', 'Female', 'Female']",8,1,3,1,1,2,8,0,0,,,,,,,,,,15.8,24.7,10.7,10.68,16.4,7.2,188.92,239.0,138.0,2.71,6.1,0.6,53.71,79.0,30.0,good,False,False,False,0,16.35,11.07,43.75,,,False,False,False,False,False
2024-05-31,break,dysmenorrhea,['bscrim'],19.0,['Female'],1,0,0,1,0,0,1,0,0,,,,,,,,,,16.92,28.6,11.7,11.51,19.7,7.9,209.46,290.0,165.0,3.22,8.0,0.4,45.12,75.0,17.0,good,False,False,False,0,16.69,11.3,45.34,,,False,False,False,False,False
2024-06-03,break,"cold,headache,cold,toothache,epigastric pain,dysmenorrhea,hematoma,lbm,auri","['bapos', 'staff', 'bsba', 'bstm', 'bsemc', 'beed', 'bscrim', 'bsentrep']",21.857142857142858,"['Male', 'Female', 'female', 'Male', 'Female', 'Female', 'Female', 'Male']",8,2,2,3,0,2,7,1,0,,,,,,,,,,14.11,19.7,8.5,9.73,13.3,6.0,190.96,219.0,170.0,3.2,6.1,0.6,52.42,96.0,6.0,good,False,False,False,0,15.91,10.89,43.33,,,False,False,False,False,False
2024-06-04,break,"dizziness,auri,dysmenorrhea,body pain,dysmenorrhea,infection","['bse', 'ced', 'bsemc', 'bsit', 'bsit', 'bscs']",22.666666666666668,"['Female', 'Female', 'Female', 'Female', 'Female']",6,1,0,2,1,2,6,0,0,,,,,,,,,,17.71,20.7,14.6,12.03,14.2,9.8,185.58,229.0,148.0,3.0,5.3,0.5,37.96,59.0,12.0,good,False,False,False,0,15.27,10.48,43.6,,,False,False,False,False,False
2024-06-05,break,"dizziness,headache,dizziness,cough,headache,headache,cough,headache,lbm,headache,headache,hyperacidity","['bsit', 'bsit', 'bstm', 'bslm', 'bslm', 'bsentrep', 'bsit', 'baels', 'baels', 'bsit']",20.88888888888889,"['Female', 'Male', 'Female', 'Female', 'Female', 'Male', 'Female', 'Male', 'Female', 'Female']",10,1,2,1,0,8,10,0,0,,,,,,,,,,14.48,20.0,10.8,10.04,13.8,7.5,176.46,203.0,161.0,2.35,4.1,0.5,46.21,66.0,27.0,good,False,False,False,0,15.17,10.45,47.1,,,False,False,False,False,False
2024-06-07,break,hyperacidity,['bsit'],30.0,['Female'],1,0,1,0,0,0,1,0,0,,,,,,,,,,12.43,18.7,9.3,8.68,13.1,6.4,198.67,286.0,166.0,3.29,8.3,0.6,47.0,75.0,22.0,good,False,False,False,0,17.51,12.08,48.83,,,False,False,False,False,False
2024-06-10,break,"body pain,toothache,body pain,body pain,dizziness,stomach ache,headache,lbm,stomach ache,hematoma","['ccsict', 'bapos', 'bapos', 'bse', 'beed', 'bshm', 'bapos', 'bshm']",21.25,"['Female', 'Female', 'Female', 'Female', 'Female', 'Male', 'Male', 'Male']",8,0,2,3,0,5,8,0,0,,,,,,,,,,20.58,30.0,12.4,14.21,20.7,8.5,200.42,287.0,159.0,3.92,9.8,0.6,49.17,84.0,20.0,good,False,False,False,0,19.47,13.45,50.38,,,False,False,False,False,False
2024-06-11,break,hypertension,['bsma'],19.0,['Male'],1,0,0,0,0,1,1,0,0,,,,,,,,,,21.0,29.7,14.7,14.44,20.5,10.0,214.0,308.0,127.0,4.85,10.4,0.4,40.79,62.0,8.0,good,False,False,False,0,22.36,15.43,54.21,,,False,False,False,False,False
2024-06-12,break,body pain,['bsit'],23.0,['Female'],1,0,0,1,0,0,1,0,0,,,,,,,,,,14.32,21.1,9.9,9.83,14.5,6.7,196.75,288.0,139.0,4.48,9.7,0.4,40.38,64.0,10.0,good,False,False,False,0,23.69,16.34,52.56,,,False,False,False,False,False
2024-06-13,break,"lbm,runny nose,body pain,runny nose,lbm,headache,lbm","['bsentrep', 'bshm', 'bshm', 'bscrim', 'bse', 'bscs', 'bsentrep']",19.857142857142858,"['Female', 'Female', 'Female', 'Female', 'Female', 'Female', 'Female']",7,1,1,2,0,3,7,0,0,,,,,,,,,,24.27,34.6,15.6,16.82,24.0,10.9,230.21,280.0,194.0,3.82,8.9,0.6,64.54,120.0,5.0,moderate,False,False,False,0,22.24,15.34,51.04,,,False,False,False,False,False
2024-06-18,break,"cough,fever,auri,dysmenorrhea","['bscrim', 'bsba', 'bapos']",20.666666666666668,"['Female', 'Female', 'Female']",3,2,0,1,1,0,3,0,0,,,,,,,,,,10.77,17.3,4.0,7.33,11.8,2.7,153.0,202.0,116.0,3.09,6.3,0.4,35.42,49.0,11.0,good,False,False,False,0,14.24,9.73,35.91,,,False,False,False,False,False
2024-06-20,break,"dizziness,fever,malaise,hyperacidity","['bslm', 'bscrim']",20.5,"['Female', 'Male']",2,0,1,0,2,1,2,0,0,,,,,,,,,,12.15,21.7,5.0,8.22,14.7,3.4,158.04,243.0,109.0,4.15,11.9,0.3,28.67,45.0,11.0,good,False,False,False,0,11.62,7.9,36.0,,,False,False,False,False,False
2024-08-07,prelim,"cold,dizziness",['bscs'],21.0,['Female'],1,1,0,0,0,1,1,0,0,,,,,,,,,,10.3,18.6,5.6,7.18,12.9,3.9,171.54,218.0,132.0,2.84,5.7,0.5,50.71,84.0,20.0,good,False,False,False,0,13.35,9.06,47.46,,,False,False,False,False,False
2024-08-12,prelim,"auri,dizziness,headache,headache,abrasion","['bscrim', 'bscs', 'bscrim', 'bat', 'bsit']",19.6,"['Female', 'Female', 'Male', 'Male', 'Male']",5,1,0,1,0,3,5,0,0,,,,,,,,,,14.58,22.3,9.5,9.71,14.9,6.1,201.83,296.0,139.0,3.47,9.1,0.5,46.0,77.0,13.0,good,False,False,False,0,11.88,7.96,46.24,,,False,False,False,False,False
2024-08-13,prelim,"lbm,cold,cold,headache","['bse', 'bshm']",19.5,"['Female', 'Male', 'Male', 'Female']",4,1,1,1,0,1,2,0,0,,,,,,,,,,9.48,13.6,7.5,6.36,9.1,5.1,164.79,188.0,136.0,2.51,4.7,0.5,47.75,70.0,28.0,good,False,False,False,0,11.49,7.69,46.7,,,False,False,False,False,False
2024-08-14,prelim,"abrasion,dizziness,cold,fever,allergy,stomach ache,stomach ache","['bsit', 'bsit', 'bapos', 'bshm', 'bshm']",18.6,"['Female', 'Female', 'Female', 'Male', 'Male']",5,1,1,0,1,4,5,0,0,,,,,,,,,,11.81,16.8,8.5,7.8,11.0,5.9,163.46,188.0,133.0,2.67,4.7,0.6,46.17,73.0,16.0,good,False,False,False,0,12.46,8.35,46.56,,,False,False,False,False,False
2024-08-15,prelim,"fever,cold,cough,dizziness,cough,cough,hyperacidity","['bsit', 'bsentrep', 'bsit', 'bsit', 'bse']",18.8,"['Male', 'Female', 'Male', 'Female', 'Female']",5,2,1,0,1,3,5,0,0,,,,,,,,,,8.14,14.3,2.7,5.62,9.7,1.9,175.5,198.0,144.0,2.72,4.8,0.4,45.79,72.0,21.0,good,False,False,False,0,14.13,9.51,46.36,,,False,False,False,False,False
2024-08-19,prelim,"lbm,epigastric pain,hyperacidity,hyperacidity,epigastric pain,hematoma,auri,cold,headache,lbm","['beed', 'baels', 'baels', 'beed', 'bshm', 'bsba', 'beed', 'bsit']",19.857142857142858,"['Female', 'Female', 'Female', 'Female', 'Female', 'Female', 'Male', 'Male']",8,2,3,1,0,4,8,0,0,,,,,,,,,,28.47,33.8,25.2,19.15,22.9,16.5,226.46,298.0,160.0,4.49,9.7,0.3,40.96,75.0,10.0,moderate,False,False,False,0,17.33,11.76,39.55,,,False,False,False,False,False
2024-08-20,prelim,"lbm,stomach ache,auri,dysmenorrhea,auri,cold,dizziness,hyperacidity,cold,vomiting,auri,dysmenorrhea,dizziness","['bse', 'beed', 'bscrim', 'bshm', 'bslm', 'beed', 'bsentrep', 'beed', 'bslm', 'bsemc', 'bscs']",19.6,"['Female', 'Female', 'Female', 'Female', 'Male', 'Female', 'Female', 'Male', 'Female', 'Male']",11,2,4,1,0,6,11,0,0,,,,,,,,,,17.12,25.0,9.1,11.7,17.1,6.3,171.38,214.0,126.0,3.2,7.4,0.3,30.17,48.0,16.0,good,False,False,False,0,17.97,12.2,37.5,,,False,False,False,False,False
2024-08-21,prelim,"allergy,malaise,skin allergy,cough","['bat', 'bsentrep', 'bsemc', 'bsemc']",19.0,"['Male', 'Female', 'Female', 'Male']",4,1,0,0,1,2,4,0,0,,,,,,,,,,11.48,15.5,8.5,7.89,10.7,5.8,168.08,225.0,135.0,3.37,6.8,0.5,30.25,51.0,3.0,good,False,False,False,0,17.2,11.69,35.61,,,False,False,False,False,False
2024-08-22,prelim,"body pain,menstrual cramps","['beed', 'bsentrep']",19.5,"['Female', 'Female']",2,0,0,2,0,0,2,0,0,,,,,,,,,,9.32,18.6,3.1,6.48,12.7,2.2,158.12,184.0,135.0,3.14,5.5,0.5,36.62,62.0,5.0,good,False,False,False,0,15.45,10.51,34.87,,,False,False,False,False,False
2024-08-25,prelim,"malaise,cold,cough,cold,cough,cold,cough,cold,cough,cold,cough,cold,cough,cold,cough,cold,cough,cold,cough,cold,cough,cold,cough,cold,cough,cold,cough,cold,cough,cold,cough,cold,cough,cold,cough,cold,cough,cold,cough,cold,cough,cold,cough,cold,cough,cold,cough,cold,cough,cold,cough,cold,cough,cold,cough,cold,cough,cold,cough,cold,cough,cold,cough,cold,cough,cold,cough","['bscrim', 'bscrim', 'bscrim', 'bscrim', 'bscrim', 'bscrim', 'bscrim', 'bscrim', 'bscrim', 'bscrim', 'bscrim', 'bscrim', 'bscrim', 'bscrim', 'bscrim', 'bscrim', 'bscrim', 'bscrim', 'bscrim', 'bscrim', 'bscrim', 'bscrim', 'bscrim', 'bscrim', 'bscrim', 'bscrim', 'bscrim', 'bscrim', 'bscrim', 'bscrim', 'bscrim', 'bscrim', 'bscrim', 'bscrim']",,"['Male', 'Male', 'Male', 'Male', 'Male', 'Male', 'Male', 'Male', 'Male', 'Male', 'Male', 'Male', 'Male', 'Male', 'Male', 'Male', 'Male', 'Male', 'Male', 'Male', 'Male', 'Male', 'Male', 'Male', 'Male', 'Male', 'Male', 'Male', 'Male', 'Male', 'Male', 'Male', 'Female', 'Female']",34,2,0,0,1,64,34,0,0,,,,,,,,,,13.23,18.3,7.9,8.99,12.5,5.4,157.58,197.0,131.0,2.85,5.8,0.4,38.62,58.0,12.0,good,False,False,False,0,13.47,9.21,37.86,,,False,False,False,False,False
2024-08-28,prelim,"dysmenorrhea,dysmenorrhea","['bsentrep', 'bscrim']",19.5,"['Female', 'Female']",2,0,0,1,0,1,2,0,0,,,,,,,,,,17.64,25.1,14.2,12.15,17.3,9.7,166.46,211.0,132.0,2.68,5.5,0.5,43.25,61.0,26.0,good,False,False,False,0,15.5,10.59,43.04,,,False,False,False,False,False
2024-09-09,prelim,"cold,dizziness","['bse', 'bscrim']",19.0,"['Female', 'Male']",2,1,0,0,0,1,2,0,0,,,,,,,,,,15.34,21.4,8.1,10.4,14.7,5.6,237.5,279.0,178.0,3.81,8.9,0.9,40.5,66.0,18.0,good,False,False,False,0,11.86,8.13,42.34,,,False,False,False,False,False
2024-09-11,prelim,"cough,hyperventilation,stomach ache,dysmenorrhea,hyperacidity","['bse', 'bsit', 'bsemc', 'bsba', 'bse']",21.0,"['Female', 'Female', 'Female', 'Female', 'Female']",5,1,2,1,0,1,5,0,0,,,,,,,,,,8.07,11.2,5.6,5.62,7.7,3.9,184.62,208.0,165.0,2.2,3.4,0.5,50.12,72.0,32.0,good,False,False,False,0,10.73,7.32,40.02,,,False,False,False,False,False
2024-09-12,prelim,"infection,headache,infection,body pain,headache,hyperventilation,runny nose","['bscrim', 'baels', 'bslm', 'bse', 'bse', 'bse', 'bse']",19.25,"['Female', 'Female', 'Male', 'Female', 'Female', 'Female', 'Female']",7,1,0,2,1,3,7,0,0,,,,,,,,,,9.64,14.5,6.9,6.6,10.1,4.6,164.67,211.0,128.0,2.87,4.6,0.7,36.58,62.0,20.0,good,False,False,False,0,10.52,7.14,37.82,,,False,False,False,False,False
2024-09-13,prelim,"infection,infection,asthma,dizziness,hyperacidity","['bsais', 'bsais', 'beed']",20.666666666666668,"['Male', 'Male', 'Female', 'Female', 'Female']",5,1,1,0,1,2,3,0,0,,,,,,,,,,7.82,16.8,4.6,5.32,11.3,3.2,145.38,200.0,117.0,3.02,7.5,0.7,28.58,44.0,21.0,good,False,False,False,0,10.33,7.04,36.13,,,False,False,False,False,False
2024-09-16,prelim,"headache,cold,dysmenorrhea,cough,skin allergy,body pain","['bapos', 'bsma', 'baels']",20.5,"['Female', 'Female', 'Female', 'Female', 'Female', 'Female']",6,2,0,3,0,1,3,0,0,,,,,,,,,,13.98,23.7,10.3,9.72,16.7,7.1,167.83,257.0,135.0,4.22,10.3,2.0,28.62,42.0,16.0,good,False,False,False,0,12.36,8.46,36.07,,,False,False,False,False,False
2024-09-28,prelim,cold,['bsentrep'],18.0,['Male'],1,1,0,0,0,0,1,0,0,,,,,,,,,,17.42,24.4,13.7,11.45,16.0,8.7,247.25,334.0,191.0,4.16,7.3,0.9,47.62,87.0,11.0,good,False,False,False,0,12.44,8.36,40.73,,,False,False,False,False,False
2024-09-30,prelim,cramps,['bat'],18.0,['Female'],1,0,0,1,0,0,1,0,0,,,,,,,,,,3.82,7.5,2.5,2.63,5.1,1.7,179.46,211.0,157.0,2.9,4.2,2.2,48.46,65.0,39.0,good,False,False,False,0,12.5,8.35,40.15,,,False,False,False,False,False
2024-10-01,prelim,"headache,cold,allergy","['bscrim', 'bscrim', 'bscrim']",20.333333333333332,"['Female', 'Female', 'Female']",3,1,0,1,0,1,3,0,0,,,,,,,,,,8.46,11.8,4.1,5.52,7.8,2.8,156.96,180.0,129.0,2.56,4.4,1.0,39.88,56.0,28.0,good,False,False,False,0,12.82,8.56,41.45,,,False,False,False,False,False
2024-10-02,prelim,"headache,headache","['bse', 'bsitautotech']",21.0,"['Male', 'Female']",2,0,0,1,0,1,2,0,0,,,,,,,,,,11.1,17.6,8.4,7.29,12.0,5.7,172.17,277.0,125.0,3.41,8.7,0.4,24.67,39.0,13.0,good,False,False,False,0,12.37,8.29,40.19,,,False,False,False,False,False
2024-10-07,prelim,"anxiety,cough,cold,stitches,dizziness,cold,cough,cold,cough,headache,stomach ache,cough,cough,lbm,malaise,sprain,skin allergy,cold","['bshm', 'bsit', 'bscrim', 'bat', 'bstm', 'bped', 'bsitautotech', 'bsentrep', 'bsit', 'baels', 'bscrim', 'bsba', 'bsit', 'bsma', 'bsma', 'bslm']",18.9375,"['Male', 'Male', 'Male', 'Male', 'Female', 'Male', 'Male', 'Female', 'Female', 'Male', 'Male', 'Male', 'Male', 'Female', 'Female', 'Female']",16,2,2,1,1,12,16,0,0,,,,,,,,,,9.0,12.5,5.1,5.92,8.1,3.3,149.96,186.0,114.0,2.73,4.7,0.3,42.33,57.0,28.0,good,False,False,False,0,13.02,8.79,39.85,,,False,False,False,False,False
2024-10-09,prelim,"fever,muscle strain,headache","['bat', 'bsit', 'bsitautotech']",19.333333333333332,"['Male', 'Male', 'Male']",3,0,0,2,1,0,3,0,0,,,,,,,,,,10.8,18.2,6.0,7.4,12.4,4.0,166.21,196.0,130.0,3.47,6.3,0.5,36.21,53.0,17.0,good,False,False,False,0,11.45,7.75,39.99,,,False,False,False,False,False
2024-10-14,prelim,"cough,headache,body pain,cough,cough,cough,dysmenorrhea,cough,cough,itchy throat,cough,headache","['bslm', 'bse', 'bsentrep', 'bsentrep', 'beed', 'bsitautotech', 'beed', 'beed', 'beed', 'bse', 'bapos', 'bshm']",19.166666666666668,"['Female', 'Female', 'Female', 'Female', 'Female', 'Male', 'Female', 'Male', 'Female', 'Female', 'Female', 'Male']",12,2,0,3,0,7,12,0,0,,,,,,,,,,7.81,14.7,3.7,5.27,9.8,2.5,183.0,219.0,148.0,3.13,6.9,0.5,42.38,58.0,30.0,good,False,False,False,0,11.88,7.93,45.36,,,False,False,False,False,False
2024-10-15,prelim,"infection,cough,cold,lbm,lbm","['bscrim', 'bscrim', 'bat', 'bsit', 'bsba']",20.6,"['Male', 'Female', 'Female', 'Female', 'Male']",5,2,1,0,1,1,5,0,0,,,,,,,,,,13.58,20.1,8.9,8.91,12.9,5.6,204.04,261.0,156.0,4.5,9.5,0.5,46.25,70.0,15.0,good,False,False,False,0,12.39,8.19,45.74,,,False,False,False,False,False
2024-10-16,prelim,"stomach ache,headache,cold,headache,headache","['bshm', 'beed', 'beed', 'bse', 'bsentrep']",18.0,"['Male', 'Male', 'Female', 'Male', 'Female']",5,1,1,1,0,2,5,0,0,,,,,,,,,,14.08,23.9,7.2,9.08,16.1,4.5,197.46,321.0,141.0,4.2,12.4,0.3,52.0,67.0,28.0,good,False,False,False,0,12.65,8.36,46.16,,,False,False,False,False,False
2024-10-17,prelim,fever,['bslm'],19.0,['Male'],1,0,0,0,1,0,1,0,0,,,,,,,,,,18.3,32.4,8.7,12.32,21.6,5.8,247.5,337.0,166.0,5.71,12.0,0.4,47.21,78.0,14.0,good,False,False,False,0,12.97,8.59,43.66,,,False,False,False,False,False
2024-10-18,prelim,cough,['bshm'],20.0,['Male'],1,1,0,0,0,0,1,0,0,,,,,,,,,,17.17,30.7,6.7,11.24,20.4,4.4,217.88,329.0,142.0,4.45,9.9,0.4,44.92,61.0,24.0,good,False,False,False,0,13.33,8.75,42.61,,,False,False,False,False,False
2024-10-19,prelim,"lbm,dizziness,muscle strain","['bsit', 'bslm', 'bscrim']",18.0,"['Male', 'Female', 'Female']",3,0,1,1,0,1,3,0,0,,,,,,,,,,8.7,19.9,3.5,5.86,13.4,2.4,149.0,175.0,123.0,2.25,5.0,0.5,41.67,50.0,33.0,good,False,False,False,0,12.66,8.25,42.18,,,False,False,False,False,False
2024-10-21,prelim,"dizziness,cough,hyperacidity,wound,infection,fever,lbm,hyperacidity","['bscs', 'bapos', 'beed', 'others', 'bslm', 'others', 'bscs', 'beed']",19.5,"['Male', 'Female', 'Female', 'Male', 'Male', 'Male', 'Female', 'Female']",8,1,2,0,2,3,6,0,2,,,,,,,,,,10.28,17.2,6.8,6.42,10.5,4.1,143.54,163.0,123.0,2.3,4.3,0.4,35.04,54.0,20.0,good,False,False,False,0,9.21,5.97,40.6,,,False,False,False,False,False
2024-10-22,prelim,"hyperacidity,hyperacidity,headache,cold","['bscrim', 'beed', 'bapos', 'bscrim']",19.333333333333332,"['Female', 'Female', 'Male', 'Male']",4,1,1,1,0,1,4,0,0,,,,,,,,,,8.91,14.4,4.2,5.38,8.5,2.6,125.5,145.0,115.0,1.32,2.8,0.3,43.25,56.0,29.0,good,False,False,False,0,8.78,5.61,46.14,,,False,False,False,False,False
2024-11-27,midterm,stomach ache,['bscrim'],20.0,['Female'],1,0,1,0,0,0,1,0,0,,,,,,,,,,6.59,11.3,2.9,6.01,10.3,2.5,176.29,236.0,139.0,3.93,6.8,0.6,46.12,64.0,33.0,good,False,False,False,0,7.16,6.52,52.09,,,False,False,False,False,False
2024-12-14,midterm,"stomach ache,muscle strain,stomach ache,cold,cold,cough,infection,hyperacidity","['bsitelectech', 'bscrim', 'bscrim', 'bscs', 'bscrim', 'bscrim', 'bscrim', 'bscrim']",18.375,"['Male', 'Male', 'Female', 'Male', 'Male', 'Male', 'Female', 'Female']",8,2,2,1,1,2,8,0,0,,,,,,,,,,13.71,26.1,6.0,11.92,23.1,5.4,184.71,218.0,161.0,5.3,12.3,0.6,53.75,78.0,38.0,good,False,False,False,0,14.01,12.34,56.21,,,False,False,False,False,False
2025-05-13,break,hyperacidity,['bscrim'],20.0,['Female'],1,0,1,0,0,0,1,0,0,,,,,,,,,,21.12,35.3,10.3,20.88,34.6,10.0,186.12,289.0,142.0,6.95,14.7,1.0,70.38,99.0,39.0,moderate,False,False,False,0,30.29,29.48,54.72,,,False,False,False,False,False
2025-05-23,break,"hyperacidity,hyperacidity","['bsba', 'bse']",19.5,"['Female', 'Female']",2,0,1,0,0,1,2,0,0,,,,,,,,,,30.14,64.7,5.5,29.23,64.0,4.9,138.67,160.0,121.0,15.19,38.7,0.0,36.25,71.0,0.0,unhealthy_sensitive,True,False,False,1,34.74,33.25,43.43,,,False,False,False,True,False
2025-05-26,break,"nosebleed,dysmenorrhea,dysmenorrhea,headache","['bshm', 'beed', 'baels', 'beed']",19.0,"['Female', 'Female', 'Female', 'Female']",4,0,0,2,0,2,4,0,0,,,,,,,,,,37.65,90.1,11.8,35.68,88.0,10.2,160.83,198.0,127.0,13.68,39.4,0.9,47.88,83.0,0.0,unhealthy_sensitive,True,False,False,1,29.02,27.89,45.85,,,False,False,False,True,False
2025-06-02,break,"hypertension,headache","['staff', 'bse']",28.5,"['Male', 'Male']",2,0,0,1,0,1,1,1,0,,,,,,,,,,23.91,49.7,6.9,22.93,48.4,5.6,146.83,172.0,116.0,10.36,25.7,0.7,48.08,74.0,14.0,moderate,False,False,False,0,28.29,27.23,51.67,,,False,False,False,False,False
2025-06-03,break,"headache,headache","['bsit', 'staff']",20.0,"['Male', 'Male']",2,0,0,1,0,1,1,1,0,,,,,,,,,,20.75,49.6,5.7,19.92,48.3,5.2,160.71,204.0,131.0,9.04,24.3,0.7,50.54,81.0,12.0,moderate,False,False,False,0,28.32,27.14,54.45,,,False,False,False,False,False
2025-06-04,break,anxiety,['bslm'],20.0,['Male'],1,0,0,0,0,1,1,0,0,,,,,,,,,,28.35,48.4,13.2,26.85,47.5,11.1,172.88,198.0,151.0,9.32,22.9,0.9,58.17,101.0,3.0,unhealthy_sensitive,True,False,False,1,27.22,26.06,57.49,,,False,False,False,True,False
2025-06-10,break,body pain,['staff'],40.0,['Female'],1,0,0,1,0,0,0,1,0,,,,,,,,,,35.78,80.8,14.3,35.26,80.1,14.0,163.92,212.0,124.0,11.99,33.2,1.2,61.71,123.0,0.0,unhealthy_sensitive,True,False,False,1,27.01,26.26,51.52,,,False,False,False,True,False
2025-07-02,break,epigastric pain,['bse'],,['Female'],1,0,1,0,0,0,1,0,0,,,,,,,,,,32.63,57.6,13.0,31.99,56.7,12.5,148.96,205.0,122.0,13.49,25.3,1.7,40.08,70.0,8.0,unhealthy_sensitive,True,False,False,1,30.85,30.18,45.94,,,False,False,False,True,False
2025-07-07,break,"allergy,allergy","['bse', 'bstm']",20.0,"['Female', 'Female']",2,0,0,0,0,2,2,0,0,,,,,,,,,,26.67,54.4,15.8,24.6,52.2,12.8,165.71,240.0,133.0,9.97,23.3,0.8,45.96,86.0,11.0,moderate,False,False,False,0,27.44,26.08,44.37,,,False,False,False,False,False
